method,n,attempted_n,error_count,logged_failure_count,success_rate,stl_mode,direct_mesh_bbox_source,oracle_diagnostic,masked_psnr_median,masked_psnr_mean,masked_ssim_median,masked_ssim_mean,masked_mae_median,masked_mae_mean,visible_mae_pre_preserve_median,visible_mae_pre_preserve_mean,visible_mae_median,visible_mae_mean,seam_mae_pre_preserve_median,seam_mae_pre_preserve_mean,seam_mae_median,seam_mae_mean,object_masked_psnr_median,object_masked_psnr_mean,object_masked_ssim_median,object_masked_ssim_mean,object_masked_mae_median,object_masked_mae_mean,object_seam_mae_median,object_seam_mae_mean,depth_scale_median,depth_scale_mean,depth_shift_median,depth_shift_mean,depth_mae_median,depth_mae_mean,depth_rmse_median,depth_rmse_mean,depth_corr_median,depth_corr_mean,surface_chamfer_l1_median,surface_chamfer_l1_mean,surface_chamfer_rmse_median,surface_chamfer_rmse_mean,surface_rmse_median,surface_rmse_mean,surface_hausdorff95_median,surface_hausdorff95_mean,surface_point_count_median,surface_point_count_mean,object_depth_scale_median,object_depth_scale_mean,object_depth_shift_median,object_depth_shift_mean,object_depth_mae_median,object_depth_mae_mean,object_depth_rmse_median,object_depth_rmse_mean,object_depth_corr_median,object_depth_corr_mean,object_surface_chamfer_l1_median,object_surface_chamfer_l1_mean,object_surface_chamfer_rmse_median,object_surface_chamfer_rmse_mean,object_surface_rmse_median,object_surface_rmse_mean,object_surface_hausdorff95_median,object_surface_hausdorff95_mean,object_surface_point_count_median,object_surface_point_count_mean,silhouette_iou_masked_median,silhouette_iou_masked_mean,stl_exists_median,stl_exists_mean,stl_file_size_bytes_median,stl_file_size_bytes_mean,stl_vertices_median,stl_vertices_mean,stl_faces_median,stl_faces_mean,stl_is_watertight_median,stl_is_watertight_mean,stl_is_volume_median,stl_is_volume_mean,stl_is_manifold_median,stl_is_manifold_mean,stl_nonmanifold_edge_count_median,stl_nonmanifold_edge_count_mean,stl_nonmanifold_edge_count_log1p_median,stl_nonmanifold_edge_count_log1p_mean,stl_degenerate_face_count_median,stl_degenerate_face_count_mean,stl_degenerate_face_ratio_median,stl_degenerate_face_ratio_mean,stl_winding_consistent_median,stl_winding_consistent_mean,stl_component_count_median,stl_component_count_mean,stl_single_component_median,stl_single_component_mean,stl_component_excess_median,stl_component_excess_mean,stl_component_excess_log1p_median,stl_component_excess_log1p_mean,stl_euler_number_median,stl_euler_number_mean,stl_surface_area_median,stl_surface_area_mean,stl_volume_median,stl_volume_mean,stl_volume_abs_median,stl_volume_abs_mean,stl_volume_fill_ratio_median,stl_volume_fill_ratio_mean,stl_positive_volume_median,stl_positive_volume_mean,stl_z_range_median,stl_z_range_mean,stl_bbox_x_median,stl_bbox_x_mean,stl_bbox_y_median,stl_bbox_y_mean,stl_bbox_z_median,stl_bbox_z_mean,stl_bbox_min_dimension_median,stl_bbox_min_dimension_mean,stl_bbox_max_dimension_median,stl_bbox_max_dimension_mean,stl_bbox_has_volume_median,stl_bbox_has_volume_mean,stl_bbox_aspect_ratio_median,stl_bbox_aspect_ratio_mean,stl_bbox_volume_median,stl_bbox_volume_mean,stl_faces_per_bbox_volume_median,stl_faces_per_bbox_volume_mean,stl_faces_per_bbox_volume_log1p_median,stl_faces_per_bbox_volume_log1p_mean,stl_normalized_bbox_volume_median,stl_normalized_bbox_volume_mean,stl_faces_per_normalized_bbox_volume_median,stl_faces_per_normalized_bbox_volume_mean,stl_faces_per_normalized_bbox_volume_log1p_median,stl_faces_per_normalized_bbox_volume_log1p_mean,mesh_surface_chamfer_l1_median,mesh_surface_chamfer_l1_mean,mesh_surface_chamfer_rmse_median,mesh_surface_chamfer_rmse_mean,mesh_surface_hausdorff95_median,mesh_surface_hausdorff95_mean,mesh_surface_point_count_median,mesh_surface_point_count_mean,heldout_view_agreement_supported_median,heldout_view_agreement_supported_mean,heldout_view_selected_count_median,heldout_view_selected_count_mean,heldout_view_count_median,heldout_view_count_mean,base_method,prompt,steps,guidance,seed,inpaint_max_dimension,edit_mask_fill,model_name,lora_weights,lora_scale,source_mesh_repair,direct_mesh_reference_method,start_index,inferred_bbox_shape_log_mae_median,inferred_bbox_shape_log_mae_mean,inferred_bbox_shape_relative_mae_median,inferred_bbox_shape_relative_mae_mean,inferred_bbox_centered_iou_median,inferred_bbox_centered_iou_mean,direct_mesh_command_runtime_seconds_median,direct_mesh_command_runtime_seconds_mean,mesh_postprocess_runtime_seconds_median,mesh_postprocess_runtime_seconds_mean,provider_inference_runtime_seconds_median,provider_inference_runtime_seconds_mean,provider_invocation_runtime_seconds_median,provider_invocation_runtime_seconds_mean,repair_cleaned_bbox_has_volume_median,repair_cleaned_bbox_has_volume_mean,repair_cleaned_component_count_median,repair_cleaned_component_count_mean,repair_cleaned_degenerate_face_count_median,repair_cleaned_degenerate_face_count_mean,repair_cleaned_is_volume_median,repair_cleaned_is_volume_mean,repair_cleaned_is_watertight_median,repair_cleaned_is_watertight_mean,repair_cleaned_nonmanifold_edge_count_median,repair_cleaned_nonmanifold_edge_count_mean,repair_cleaned_positive_volume_median,repair_cleaned_positive_volume_mean,repair_cleaned_printable_median,repair_cleaned_printable_mean,repair_cleaned_winding_consistent_median,repair_cleaned_winding_consistent_mean,repair_cleaning_skipped_median,repair_cleaning_skipped_mean,repair_convex_hull_used_median,repair_convex_hull_used_mean,repair_diagnostic_runtime_seconds_median,repair_diagnostic_runtime_seconds_mean,repair_input_faces_median,repair_input_faces_mean,repair_output_faces_median,repair_output_faces_mean,repair_runtime_seconds_median,repair_runtime_seconds_mean,repair_total_runtime_seconds_median,repair_total_runtime_seconds_mean,raw_mesh_exists_median,raw_mesh_exists_mean,raw_mesh_file_size_bytes_median,raw_mesh_file_size_bytes_mean,raw_mesh_vertices_median,raw_mesh_vertices_mean,raw_mesh_faces_median,raw_mesh_faces_mean,raw_mesh_surface_area_median,raw_mesh_surface_area_mean,raw_mesh_volume_median,raw_mesh_volume_mean,raw_mesh_volume_abs_median,raw_mesh_volume_abs_mean,raw_mesh_volume_fill_ratio_median,raw_mesh_volume_fill_ratio_mean,raw_mesh_positive_volume_median,raw_mesh_positive_volume_mean,raw_mesh_z_range_median,raw_mesh_z_range_mean,raw_mesh_bbox_x_median,raw_mesh_bbox_x_mean,raw_mesh_bbox_y_median,raw_mesh_bbox_y_mean,raw_mesh_bbox_z_median,raw_mesh_bbox_z_mean,raw_mesh_bbox_min_dimension_median,raw_mesh_bbox_min_dimension_mean,raw_mesh_bbox_max_dimension_median,raw_mesh_bbox_max_dimension_mean,raw_mesh_bbox_has_volume_median,raw_mesh_bbox_has_volume_mean,raw_mesh_bbox_aspect_ratio_median,raw_mesh_bbox_aspect_ratio_mean,raw_mesh_bbox_volume_median,raw_mesh_bbox_volume_mean,raw_mesh_faces_per_bbox_volume_median,raw_mesh_faces_per_bbox_volume_mean,raw_mesh_faces_per_bbox_volume_log1p_median,raw_mesh_faces_per_bbox_volume_log1p_mean,raw_mesh_normalized_bbox_volume_median,raw_mesh_normalized_bbox_volume_mean,raw_mesh_faces_per_normalized_bbox_volume_median,raw_mesh_faces_per_normalized_bbox_volume_mean,raw_mesh_faces_per_normalized_bbox_volume_log1p_median,raw_mesh_faces_per_normalized_bbox_volume_log1p_mean,repair_volume_fill_ratio_change_median,repair_volume_fill_ratio_change_mean,repair_volume_fill_ratio_relative_change_median,repair_volume_fill_ratio_relative_change_mean,repair_volume_fill_ratio_relative_change_abs_median,repair_volume_fill_ratio_relative_change_abs_mean,repair_simplified_faces_median,repair_simplified_faces_mean,last_error_type,last_error
masked,1,1,0,0,1.0,depth-relief,none,False,6.6704394145763395,6.6704394145763395,0.701710045337677,0.701710045337677,0.35778066515922546,0.35778066515922546,0.0,0.0,0.0,0.0,0.26633283495903015,0.26633283495903015,0.26633283495903015,0.26633283495903015,3.795353468729229,3.795353468729229,0.5091889500617981,0.5091889500617981,0.6362796425819397,0.6362796425819397,0.3349810540676117,0.3349810540676117,-0.9473571181297302,-0.9473571181297302,1.0710079669952393,1.0710079669952393,0.44408494234085083,0.44408494234085083,0.5319498181343079,0.5319498181343079,-0.5051535593590846,-0.5051535593590846,0.2638074615579997,0.2638074615579997,0.3474927901477605,0.3474927901477605,0.5319498181343079,0.5319498181343079,0.6838467446303405,0.6838467446303405,4096.0,4096.0,-0.9070171117782593,-0.9070171117782593,1.0434688329696655,1.0434688329696655,0.17456108331680298,0.17456108331680298,0.2181289792060852,0.2181289792060852,-0.016822183284407318,-0.016822183284407318,0.12032831938157693,0.12032831938157693,0.1511100773657677,0.1511100773657677,0.2181289792060852,0.2181289792060852,0.3701000401073571,0.3701000401073571,4096.0,4096.0,0.50994873046875,0.50994873046875,1.0,1.0,1843084.0,1843084.0,18432.0,18432.0,36860.0,36860.0,1.0,1.0,1.0,1.0,1.0,1.0,0.0,0.0,0.0,0.0,0.0,0.0,0.0,0.0,1.0,1.0,1.0,1.0,1.0,1.0,0.0,0.0,0.0,0.0,2.0,2.0,27832.522699845184,27832.522699845184,206899.75384754874,206899.75384754874,206899.75384754874,206899.75384754874,0.4733002735435387,0.4733002735435387,1.0,1.0,48.43686294555664,48.43686294555664,95.0,95.0,95.0,95.0,48.43686294555664,48.43686294555664,48.43686294555664,48.43686294555664,95.0,95.0,1.0,1.0,1.9613161179901482,1.9613161179901482,437142.6880836487,437142.6880836487,0.0843202940476651,0.0843202940476651,0.08095333358725906,0.08095333358725906,0.5098617152163857,0.5098617152163857,72294.11210911686,72294.11210911686,11.188511800178459,11.188511800178459,0.16768566444964966,0.16768566444964966,0.20443221335075612,0.20443221335075612,0.41531970414789027,0.41531970414789027,4096.0,4096.0,0.0,0.0,0.0,0.0,0.0,0.0,masked,,,,,,,,,,,mirror,0,,,,,,,,,,,,,,,,,,,,,,,,,,,,,,,,,,,,,,,,,,,,,,,,,,,,,,,,,,,,,,,,,,,,,,,,,,,,,,,,,,,,,,,,,,,,,,,,,,,,,,
mirror,1,1,0,0,1.0,depth-relief,none,False,11.552578048196914,11.552578048196914,0.7212944030761719,0.7212944030761719,0.12432518601417542,0.12432518601417542,0.0,0.0,0.0,0.0,0.015236291103065014,0.015236291103065014,0.015236291103065014,0.015236291103065014,9.012255971378645,9.012255971378645,0.5710430145263672,0.5710430145263672,0.22522304952144623,0.22522304952144623,0.17470549046993256,0.17470549046993256,-0.5968335270881653,-0.5968335270881653,1.1231184005737305,1.1231184005737305,0.2542095184326172,0.2542095184326172,0.35584861040115356,0.35584861040115356,0.5914780447660484,0.5914780447660484,0.13043752391902091,0.13043752391902091,0.19126131593777496,0.19126131593777496,0.35584861040115356,0.35584861040115356,0.5077750219115887,0.5077750219115887,4096.0,4096.0,0.8819153904914856,0.8819153904914856,-0.12834860384464264,-0.12834860384464264,0.3863409757614136,0.3863409757614136,0.4068639576435089,0.4068639576435089,-0.22408317270792769,-0.22408317270792769,0.15644341557544383,0.15644341557544383,0.16900202174401002,0.16900202174401002,0.4068639576435089,0.4068639576435089,0.27428947320897135,0.27428947320897135,4096.0,4096.0,0.50994873046875,0.50994873046875,1.0,1.0,1843084.0,1843084.0,18432.0,18432.0,36860.0,36860.0,1.0,1.0,1.0,1.0,1.0,1.0,0.0,0.0,0.0,0.0,0.0,0.0,0.0,0.0,1.0,1.0,1.0,1.0,1.0,1.0,0.0,0.0,0.0,0.0,2.0,2.0,36078.93366533675,36078.93366533675,251042.64171967842,251042.64171967842,251042.64171967842,251042.64171967842,0.5616018849195542,0.5616018849195542,1.0,1.0,49.53038787841797,49.53038787841797,95.0,95.0,95.0,95.0,49.53038787841797,49.53038787841797,49.53038787841797,49.53038787841797,95.0,95.0,1.0,1.0,1.9180144567653314,1.9180144567653314,447011.75060272217,447011.75060272217,0.08245868246259819,0.08245868246259819,0.07923501154029199,0.07923501154029199,0.521372503983347,0.521372503983347,70698.01287637012,70698.01287637012,11.166186889642498,11.166186889642498,0.16167977168567077,0.16167977168567077,0.19955699685556366,0.19955699685556366,0.40656145712992964,0.40656145712992964,4096.0,4096.0,0.0,0.0,0.0,0.0,0.0,0.0,mirror,,,,,,,,,,,mirror,0,,,,,,,,,,,,,,,,,,,,,,,,,,,,,,,,,,,,,,,,,,,,,,,,,,,,,,,,,,,,,,,,,,,,,,,,,,,,,,,,,,,,,,,,,,,,,,,,,,,,,,
triposg_biharmonic_prefill_repaired_stl_inferred_bbox_direct_mesh,1,1,0,0,1.0,single-image-mesh,inferred,False,,,,,,,,,,,,,,,,,,,,,,,,,,,,,,,,,,,,,,,,,,,,,,,,,,,,,,,,,,,,,,,,,1.0,1.0,546184.0,546184.0,5457.0,5457.0,10922.0,10922.0,1.0,1.0,1.0,1.0,1.0,1.0,0.0,0.0,0.0,0.0,0.0,0.0,0.0,0.0,1.0,1.0,1.0,1.0,1.0,1.0,0.0,0.0,0.0,0.0,-4.0,-4.0,32789.11738677457,32789.11738677457,28712.52732492022,28712.52732492022,28712.52732492022,28712.52732492022,0.06423215337450543,0.06423215337450543,1.0,1.0,49.53038787841797,49.53038787841797,95.0,95.0,95.0,95.0,49.53038787841797,49.53038787841797,49.53038787841797,49.53038787841797,95.0,95.0,1.0,1.0,1.9180144567653314,1.9180144567653314,447011.75060272217,447011.75060272217,0.024433362177333082,0.024433362177333082,0.02413964234253323,0.02413964234253323,0.521372503983347,0.521372503983347,20948.553896790952,20948.553896790952,9.949872631414307,9.949872631414307,0.12636845283451084,0.12636845283451084,0.1565242085683922,0.1565242085683922,0.3144730785443258,0.3144730785443258,4096.0,4096.0,0.0,0.0,0.0,0.0,0.0,0.0,external-image-to-mesh,,,,,,,,,,,mirror,0,0.219772472,0.219772472,0.1722294111,0.1722294111,0.5328089668,0.5328089668,47.63558785699979,47.63558785699979,0.025953840000056516,0.025953840000056516,46.98293662800006,46.98293662800006,46.9859646179998,46.9859646179998,1.0,1.0,1.0,1.0,0.0,0.0,1.0,1.0,1.0,1.0,0.0,0.0,1.0,1.0,1.0,1.0,1.0,1.0,0.0,0.0,0.0,0.0,0.0,0.0,10922.0,10922.0,10922.0,10922.0,0.08052086999987296,0.08052086999987296,0.08052086999987296,0.08052086999987296,1.0,1.0,197360.0,197360.0,5457.0,5457.0,10922.0,10922.0,3.6843915348613514,3.6843915348613514,0.04451890122738752,0.04451890122738752,0.04451890122738752,0.04451890122738752,0.06423215389788088,0.06423215389788088,1.0,1.0,1.9056552052497864,1.9056552052497864,0.42655445635318756,0.42655445635318756,0.8526546061038971,0.8526546061038971,1.9056552052497864,1.9056552052497864,0.42655445635318756,0.42655445635318756,1.9056552052497864,1.9056552052497864,1.0,1.0,4.467554322470615,4.467554322470615,0.6930937003633046,0.6930937003633046,15758.331080306927,15758.331080306927,9.665187918368131,9.665187918368131,0.10015184979476258,0.10015184979476258,109054.40111572621,109054.40111572621,11.599611299204055,11.599611299204055,-5.233754540867608e-10,-5.233754540867608e-10,-8.148184706974738e-09,-8.148184706974738e-09,8.148184706974738e-09,8.148184706974738e-09,,,,
trellis2_biharmonic_prefill_raw_direct_mesh,1,1,0,0,1.0,single-image-mesh,none,False,,,,,,,,,,,,,,,,,,,,,,,,,,,,,,,,,,,,,,,,,,,,,,,,,,,,,,,,,,,,,,,,,1.0,1.0,32882184.0,32882184.0,330997.0,330997.0,657642.0,657642.0,0.0,0.0,0.0,0.0,0.0,0.0,16827.0,16827.0,9.730799444710412,9.730799444710412,0.0,0.0,0.0,0.0,0.0,0.0,632.0,632.0,0.0,0.0,631.0,631.0,6.448889394146858,6.448889394146858,-626.0,-626.0,1.2102298403215725,1.2102298403215725,-0.0002380180873362935,-0.0002380180873362935,0.0002380180873362935,0.0002380180873362935,0.0029012376164920467,0.0029012376164920467,0.0,0.0,0.2674068212509155,0.2674068212509155,0.30679866671562195,0.30679866671562195,1.0000016391277313,1.0000016391277313,0.2674068212509155,0.2674068212509155,0.2674068212509155,0.2674068212509155,1.0000016391277313,1.0000016391277313,1.0,1.0,3.7396265153213912,3.7396265153213912,0.08204019070457477,0.08204019070457477,8016095.457020045,8016095.457020045,15.89696213529577,15.89696213529577,0.0820397872828423,0.0820397872828423,8016134.875297738,8016134.875297738,15.89696705267432,15.89696705267432,0.20944056919117013,0.20944056919117013,0.23419356734020827,0.23419356734020827,0.43052908357184877,0.43052908357184877,4096.0,4096.0,0.0,0.0,0.0,0.0,0.0,0.0,external-image-to-mesh,,,,,,,,,,,mirror,0,0.219772472,0.219772472,0.1722294111,0.1722294111,0.5328089668,0.5328089668,118.87637932500002,118.87637932500002,0.0,0.0,118.17244115599988,118.17244115599988,118.18266828600008,118.18266828600008,,,,,,,,,,,,,,,,,,,,,,,,,,,,,0.0,0.0,,,1.0,1.0,11869552.0,11869552.0,331420.0,331420.0,657642.0,657642.0,1.2102298403215725,1.2102298403215725,-0.0002380180873362935,-0.0002380180873362935,0.0002380180873362935,0.0002380180873362935,0.0029012376164920467,0.0029012376164920467,0.0,0.0,0.2674068212509155,0.2674068212509155,0.30679866671562195,0.30679866671562195,1.0000016391277313,1.0000016391277313,0.2674068212509155,0.2674068212509155,0.2674068212509155,0.2674068212509155,1.0000016391277313,1.0000016391277313,1.0,1.0,3.7396265153213912,3.7396265153213912,0.08204019070457477,0.08204019070457477,8016095.457020045,8016095.457020045,15.89696213529577,15.89696213529577,0.0820397872828423,0.0820397872828423,8016134.875297738,8016134.875297738,15.89696705267432,15.89696705267432,,,,,,,,,,
trellis2_biharmonic_prefill_repaired_stl_inferred_bbox_direct_mesh,1,1,0,0,1.0,single-image-mesh,inferred,False,,,,,,,,,,,,,,,,,,,,,,,,,,,,,,,,,,,,,,,,,,,,,,,,,,,,,,,,,,,,,,,,,1.0,1.0,6784.0,6784.0,69.0,69.0,134.0,134.0,1.0,1.0,1.0,1.0,1.0,1.0,0.0,0.0,0.0,0.0,0.0,0.0,0.0,0.0,1.0,1.0,1.0,1.0,1.0,1.0,0.0,0.0,0.0,0.0,2.0,2.0,30754.911939390702,30754.911939390702,353370.6608528551,353370.6608528551,353370.6608528551,353370.6608528551,0.7905176102784605,0.7905176102784605,1.0,1.0,49.53038787841797,49.53038787841797,95.0,95.0,95.0,95.0,49.53038787841797,49.53038787841797,49.53038787841797,49.53038787841797,95.0,95.0,1.0,1.0,1.9180144567653314,1.9180144567653314,447011.75060272217,447011.75060272217,0.0002997684061309863,0.0002997684061309863,0.0002997234845594835,0.0002997234845594835,0.521372503983347,0.521372503983347,257.01393720655443,257.01393720655443,5.5530136036430235,5.5530136036430235,0.1678723704067468,0.1678723704067468,0.19614732252455636,0.19614732252455636,0.39441525802484234,0.39441525802484234,4096.0,4096.0,0.0,0.0,0.0,0.0,0.0,0.0,external-image-to-mesh,,,,,,,,,,,mirror,0,0.219772472,0.219772472,0.1722294111,0.1722294111,0.5328089668,0.5328089668,2.01870464600006,2.01870464600006,0.0020061999998688407,0.0020061999998688407,118.17244115599988,118.17244115599988,0.009749319999627915,0.009749319999627915,1.0,1.0,1.0,1.0,0.0,0.0,0.0,0.0,0.0,0.0,850.0,850.0,1.0,1.0,0.0,0.0,0.0,0.0,0.0,0.0,1.0,1.0,0.0,0.0,657642.0,657642.0,134.0,134.0,1.5180985570000303,1.5180985570000303,1.5180985570000303,1.5180985570000303,1.0,1.0,11869552.0,11869552.0,331420.0,331420.0,657642.0,657642.0,1.2102298403215725,1.2102298403215725,-0.0002380180873362935,-0.0002380180873362935,0.0002380180873362935,0.0002380180873362935,0.0029012376164920467,0.0029012376164920467,0.0,0.0,0.2674068212509155,0.2674068212509155,0.30679866671562195,0.30679866671562195,1.0000016391277313,1.0000016391277313,0.2674068212509155,0.2674068212509155,0.2674068212509155,0.2674068212509155,1.0000016391277313,1.0000016391277313,1.0,1.0,3.7396265153213912,3.7396265153213912,0.08204019070457477,0.08204019070457477,8016095.457020045,8016095.457020045,15.89696213529577,15.89696213529577,0.0820397872828423,0.0820397872828423,8016134.875297738,8016134.875297738,15.89696705267432,15.89696705267432,0.7876163726619684,0.7876163726619684,271.47599637643384,271.47599637643384,271.47599637643384,271.47599637643384,10923.0,10923.0,,
trellis2_biharmonic_prefill_component_close_d995_no_hull_stl_inferred_bbox_direct_mesh,0,1,1,1,0.0,single-image-mesh,inferred,False,,,,,,,,,,,,,,,,,,,,,,,,,,,,,,,,,,,,,,,,,,,,,,,,,,,,,,,,,,,,,,,,,,,,,,,,,,,,,,,,,,,,,,,,,,,,,,,,,,,,,,,,,,,,,,,,,,,,,,,,,,,,,,,,,,,,,,,,,,,,,,,,,,,,,,,external-image-to-mesh,,,,,,,,,,,mirror,0,,,,,,,,,,,,,,,,,,,,,,,,,,,,,,,,,,,,,,,,,,,,,,,,,,,,,,,,,,,,,,,,,,,,,,,,,,,,,,,,,,,,,,,,,,,,,,,,,,,,,RuntimeError,"External image-to-mesh command failed with exit status 1.
Command: /content/trellis2-venv/bin/python -m backend.benchmark.run_image_to_mesh_provider --provider trellis2 --input-image ""/content/3dprintpic/backend/output/completion-benchmark/colab_g4/g4_stl_first_trellis2_component_close_guard_s40_n1/experiments/modern_weighted_eval_s0_n1/trellis2_biharmonic_prefill_component_close_d995_no_hull_stl_inferred_bbox_direct_mesh/mesh_dir_757e06b221_v00/external-image-to-mesh/direct_mesh_input_biharmonic.png"" --output-mesh ""/content/3dprintpic/backend/output/completion-benchmark/colab_g4/g4_stl_first_trellis2_component_close_guard_s40_n1/experiments/modern_weighted_eval_s0_n1/trellis2_biharmonic_prefill_component_close_d995_no_hull_stl_inferred_bbox_direct_mesh/mesh_dir_757e06b221_v00/external-image-to-mesh/output_mesh.glb"" --output-stl ""/content/3dprintpic/backend/output/completion-benchmark/colab_g4/g4_stl_first_trellis2_component_close_guard_s40_n1/experiments/modern_weighted_eval_s0_n1/trellis2_biharmonic_prefill_component_close_d995_no_hull_stl_inferred_bbox_direct_mesh/mesh_dir_757e06b221_v00/external-image-to-mesh/output_model.stl"" --timeout 3600 --provider-dir /content/TRELLIS.2 --raw-output-mesh ""/content/3dprintpic/backend/output/completion-benchmark/colab_g4/g4_stl_first_trellis2_component_close_guard_s40_n1/experiments/modern_weighted_eval_s0_n1/trellis2_biharmonic_prefill_component_close_d995_no_hull_stl_inferred_bbox_direct_mesh/mesh_dir_757e06b221_v00/external-image-to-mesh/output_mesh_raw.glb"" --mesh-repair basic --mesh-repair-preconditioner component-close --mesh-repair-component-area-ratio 0.01 --mesh-repair-hole-face-addition-ratio 0.02 --mesh-repair-simplify-placement optimal --mesh-target-bbox-extents ""95,95,49.53038788"" --mesh-target-faces 40000 --mesh-max-normalized-face-density-log1p 9.95 --trellis2-model-path microsoft/TRELLIS.2-4B --trellis2-model-revision af44b45f2e35a493886929c6d786e563ec68364d --trellis2-resolution 512 --seed 42 --provider-mesh-cache-dir /content/trellis2-provider-cache
stdout_log: /content/3dprintpic/backend/output/completion-benchmark/colab_g4/g4_stl_first_trellis2_component_close_guard_s40_n1/experiments/modern_weighted_eval_s0_n1/trellis2_biharmonic_prefill_component_close_d995_no_hull_stl_inferred_bbox_direct_mesh/mesh_dir_757e06b221_v00/external-image-to-mesh/external_command.stdout.log
stderr_log: /content/3dprintpic/backend/output/completion-benchmark/colab_g4/g4_stl_first_trellis2_component_close_guard_s40_n1/experiments/modern_weighted_eval_s0_n1/trellis2_biharmonic_prefill_component_close_d995_no_hull_stl_inferred_bbox_direct_mesh/mesh_dir_757e06b221_v00/external-image-to-mesh/external_command.stderr.log
stderr_tail:
{""cache_key"": ""d4144b24fa5cb208388adcd4d8604bae4ac3b3e66f928eef47fa0d67fb6afe35"", ""event"": ""provider_mesh_cache"", ""path"": ""/content/trellis2-provider-cache/d4144b24fa5cb208388adcd4d8604bae4ac3b3e66f928eef47fa0d67fb6afe35.glb"", ""provider"": ""trellis2"", ""status"": ""hit""}
Traceback (most recent call last):
  File ""<frozen runpy>"", line 198, in _run_module_as_main
  File ""<frozen runpy>"", line 88, in _run_code
  File ""/content/3dprintpic/backend/benchmark/run_image_to_mesh_provider.py"", line 1972, in <module>
    main()
  File ""/content/3dprintpic/backend/benchmark/run_image_to_mesh_provider.py"", line 1946, in main
    output_mesh, output_stl = run_provider(args)
                              ^^^^^^^^^^^^^^^^^^
  File ""/content/3dprintpic/backend/benchmark/run_image_to_mesh_provider.py"", line 1565, in run_provider
    output_mesh = repair_mesh_for_printable_stl(
                  ^^^^^^^^^^^^^^^^^^^^^^^^^^^^^^
  File ""/content/3dprintpic/backend/benchmark/direct_mesh.py"", line 1214, in repair_mesh_for_printable_stl
    raise RuntimeError(
RuntimeError: Component-close mesh repair produced self-intersecting faces: count=2943
"
