rank_score,score_mode,score_baseline_method,method,n,attempted_n,error_count,logged_failure_count,success_rate,stl_mode,direct_mesh_bbox_source,oracle_diagnostic,masked_psnr_median,masked_psnr_mean,masked_ssim_median,masked_ssim_mean,masked_mae_median,masked_mae_mean,visible_mae_pre_preserve_median,visible_mae_pre_preserve_mean,visible_mae_median,visible_mae_mean,seam_mae_pre_preserve_median,seam_mae_pre_preserve_mean,seam_mae_median,seam_mae_mean,object_masked_psnr_median,object_masked_psnr_mean,object_masked_ssim_median,object_masked_ssim_mean,object_masked_mae_median,object_masked_mae_mean,object_seam_mae_median,object_seam_mae_mean,depth_scale_median,depth_scale_mean,depth_shift_median,depth_shift_mean,depth_mae_median,depth_mae_mean,depth_rmse_median,depth_rmse_mean,depth_corr_median,depth_corr_mean,surface_chamfer_l1_median,surface_chamfer_l1_mean,surface_chamfer_rmse_median,surface_chamfer_rmse_mean,surface_rmse_median,surface_rmse_mean,surface_hausdorff95_median,surface_hausdorff95_mean,surface_point_count_median,surface_point_count_mean,object_depth_scale_median,object_depth_scale_mean,object_depth_shift_median,object_depth_shift_mean,object_depth_mae_median,object_depth_mae_mean,object_depth_rmse_median,object_depth_rmse_mean,object_depth_corr_median,object_depth_corr_mean,object_surface_chamfer_l1_median,object_surface_chamfer_l1_mean,object_surface_chamfer_rmse_median,object_surface_chamfer_rmse_mean,object_surface_rmse_median,object_surface_rmse_mean,object_surface_hausdorff95_median,object_surface_hausdorff95_mean,object_surface_point_count_median,object_surface_point_count_mean,silhouette_iou_masked_median,silhouette_iou_masked_mean,stl_exists_median,stl_exists_mean,stl_file_size_bytes_median,stl_file_size_bytes_mean,stl_vertices_median,stl_vertices_mean,stl_faces_median,stl_faces_mean,stl_is_watertight_median,stl_is_watertight_mean,stl_is_volume_median,stl_is_volume_mean,stl_is_manifold_median,stl_is_manifold_mean,stl_nonmanifold_edge_count_median,stl_nonmanifold_edge_count_mean,stl_nonmanifold_edge_count_log1p_median,stl_nonmanifold_edge_count_log1p_mean,stl_degenerate_face_count_median,stl_degenerate_face_count_mean,stl_degenerate_face_ratio_median,stl_degenerate_face_ratio_mean,stl_winding_consistent_median,stl_winding_consistent_mean,stl_component_count_median,stl_component_count_mean,stl_single_component_median,stl_single_component_mean,stl_component_excess_median,stl_component_excess_mean,stl_component_excess_log1p_median,stl_component_excess_log1p_mean,stl_euler_number_median,stl_euler_number_mean,stl_surface_area_median,stl_surface_area_mean,stl_volume_median,stl_volume_mean,stl_volume_abs_median,stl_volume_abs_mean,stl_volume_fill_ratio_median,stl_volume_fill_ratio_mean,stl_positive_volume_median,stl_positive_volume_mean,stl_z_range_median,stl_z_range_mean,stl_bbox_x_median,stl_bbox_x_mean,stl_bbox_y_median,stl_bbox_y_mean,stl_bbox_z_median,stl_bbox_z_mean,stl_bbox_min_dimension_median,stl_bbox_min_dimension_mean,stl_bbox_max_dimension_median,stl_bbox_max_dimension_mean,stl_bbox_has_volume_median,stl_bbox_has_volume_mean,stl_bbox_aspect_ratio_median,stl_bbox_aspect_ratio_mean,stl_bbox_volume_median,stl_bbox_volume_mean,stl_faces_per_bbox_volume_median,stl_faces_per_bbox_volume_mean,stl_faces_per_bbox_volume_log1p_median,stl_faces_per_bbox_volume_log1p_mean,stl_normalized_bbox_volume_median,stl_normalized_bbox_volume_mean,stl_faces_per_normalized_bbox_volume_median,stl_faces_per_normalized_bbox_volume_mean,stl_faces_per_normalized_bbox_volume_log1p_median,stl_faces_per_normalized_bbox_volume_log1p_mean,mesh_surface_chamfer_l1_median,mesh_surface_chamfer_l1_mean,mesh_surface_chamfer_rmse_median,mesh_surface_chamfer_rmse_mean,mesh_surface_hausdorff95_median,mesh_surface_hausdorff95_mean,mesh_surface_point_count_median,mesh_surface_point_count_mean,heldout_view_agreement_supported_median,heldout_view_agreement_supported_mean,heldout_view_selected_count_median,heldout_view_selected_count_mean,heldout_view_count_median,heldout_view_count_mean,heldout_view_silhouette_iou_mean_median,heldout_view_silhouette_iou_mean_mean,heldout_view_silhouette_iou_median_median,heldout_view_silhouette_iou_median_mean,heldout_view_silhouette_iou_min_median,heldout_view_silhouette_iou_min_mean,base_method,prompt,steps,guidance,seed,inpaint_max_dimension,edit_mask_fill,model_name,lora_weights,lora_scale,source_mesh_repair,direct_mesh_reference_method,start_index,inferred_bbox_shape_log_mae_median,inferred_bbox_shape_log_mae_mean,inferred_bbox_shape_relative_mae_median,inferred_bbox_shape_relative_mae_mean,inferred_bbox_centered_iou_median,inferred_bbox_centered_iou_mean,direct_mesh_command_runtime_seconds_median,direct_mesh_command_runtime_seconds_mean,mesh_postprocess_runtime_seconds_median,mesh_postprocess_runtime_seconds_mean,provider_inference_runtime_seconds_median,provider_inference_runtime_seconds_mean,provider_invocation_runtime_seconds_median,provider_invocation_runtime_seconds_mean,repair_cleaned_bbox_has_volume_median,repair_cleaned_bbox_has_volume_mean,repair_cleaned_component_count_median,repair_cleaned_component_count_mean,repair_cleaned_degenerate_face_count_median,repair_cleaned_degenerate_face_count_mean,repair_cleaned_is_volume_median,repair_cleaned_is_volume_mean,repair_cleaned_is_watertight_median,repair_cleaned_is_watertight_mean,repair_cleaned_nonmanifold_edge_count_median,repair_cleaned_nonmanifold_edge_count_mean,repair_cleaned_positive_volume_median,repair_cleaned_positive_volume_mean,repair_cleaned_printable_median,repair_cleaned_printable_mean,repair_cleaned_winding_consistent_median,repair_cleaned_winding_consistent_mean,repair_cleaning_skipped_median,repair_cleaning_skipped_mean,repair_convex_hull_used_median,repair_convex_hull_used_mean,repair_input_faces_median,repair_input_faces_mean,repair_output_faces_median,repair_output_faces_mean,repair_runtime_seconds_median,repair_runtime_seconds_mean,raw_mesh_exists_median,raw_mesh_exists_mean,raw_mesh_file_size_bytes_median,raw_mesh_file_size_bytes_mean,raw_mesh_vertices_median,raw_mesh_vertices_mean,raw_mesh_faces_median,raw_mesh_faces_mean,raw_mesh_surface_area_median,raw_mesh_surface_area_mean,raw_mesh_volume_median,raw_mesh_volume_mean,raw_mesh_volume_abs_median,raw_mesh_volume_abs_mean,raw_mesh_volume_fill_ratio_median,raw_mesh_volume_fill_ratio_mean,raw_mesh_positive_volume_median,raw_mesh_positive_volume_mean,raw_mesh_z_range_median,raw_mesh_z_range_mean,raw_mesh_bbox_x_median,raw_mesh_bbox_x_mean,raw_mesh_bbox_y_median,raw_mesh_bbox_y_mean,raw_mesh_bbox_z_median,raw_mesh_bbox_z_mean,raw_mesh_bbox_min_dimension_median,raw_mesh_bbox_min_dimension_mean,raw_mesh_bbox_max_dimension_median,raw_mesh_bbox_max_dimension_mean,raw_mesh_bbox_has_volume_median,raw_mesh_bbox_has_volume_mean,raw_mesh_bbox_aspect_ratio_median,raw_mesh_bbox_aspect_ratio_mean,raw_mesh_bbox_volume_median,raw_mesh_bbox_volume_mean,raw_mesh_faces_per_bbox_volume_median,raw_mesh_faces_per_bbox_volume_mean,raw_mesh_faces_per_bbox_volume_log1p_median,raw_mesh_faces_per_bbox_volume_log1p_mean,raw_mesh_normalized_bbox_volume_median,raw_mesh_normalized_bbox_volume_mean,raw_mesh_faces_per_normalized_bbox_volume_median,raw_mesh_faces_per_normalized_bbox_volume_mean,raw_mesh_faces_per_normalized_bbox_volume_log1p_median,raw_mesh_faces_per_normalized_bbox_volume_log1p_mean,repair_volume_fill_ratio_change_median,repair_volume_fill_ratio_change_mean,repair_volume_fill_ratio_relative_change_median,repair_volume_fill_ratio_relative_change_mean,repair_volume_fill_ratio_relative_change_abs_median,repair_volume_fill_ratio_relative_change_abs_mean,provider_peak_cuda_allocated_gib_median,provider_peak_cuda_allocated_gib_mean,provider_peak_cuda_reserved_gib_median,provider_peak_cuda_reserved_gib_mean,provider_peak_cuda_vram_gib_median,provider_peak_cuda_vram_gib_mean,repair_simplified_faces_median,repair_simplified_faces_mean,repair_preclean_bbox_has_volume_median,repair_preclean_bbox_has_volume_mean,repair_preclean_component_count_median,repair_preclean_component_count_mean,repair_preclean_degenerate_face_count_median,repair_preclean_degenerate_face_count_mean,repair_preclean_is_volume_median,repair_preclean_is_volume_mean,repair_preclean_is_watertight_median,repair_preclean_is_watertight_mean,repair_preclean_nonmanifold_edge_count_median,repair_preclean_nonmanifold_edge_count_mean,repair_preclean_positive_volume_median,repair_preclean_positive_volume_mean,repair_preclean_printable_median,repair_preclean_printable_mean,repair_preclean_retriangulation_accepted_median,repair_preclean_retriangulation_accepted_mean,repair_preclean_retriangulation_attempted_median,repair_preclean_retriangulation_attempted_mean,repair_preclean_winding_consistent_median,repair_preclean_winding_consistent_mean,repair_precondition_filtered_faces_median,repair_precondition_filtered_faces_mean,repair_precondition_voxel_faces_median,repair_precondition_voxel_faces_mean,repair_preclean_retriangulated_bbox_extent_relative_change_max_median,repair_preclean_retriangulated_bbox_extent_relative_change_max_mean,repair_preclean_retriangulated_bbox_has_volume_median,repair_preclean_retriangulated_bbox_has_volume_mean,repair_preclean_retriangulated_bounds_center_shift_normalized_median,repair_preclean_retriangulated_bounds_center_shift_normalized_mean,repair_preclean_retriangulated_component_count_median,repair_preclean_retriangulated_component_count_mean,repair_preclean_retriangulated_degenerate_face_count_median,repair_preclean_retriangulated_degenerate_face_count_mean,repair_preclean_retriangulated_face_count_relative_change_abs_median,repair_preclean_retriangulated_face_count_relative_change_abs_mean,repair_preclean_retriangulated_geometry_preserved_median,repair_preclean_retriangulated_geometry_preserved_mean,repair_preclean_retriangulated_is_volume_median,repair_preclean_retriangulated_is_volume_mean,repair_preclean_retriangulated_is_watertight_median,repair_preclean_retriangulated_is_watertight_mean,repair_preclean_retriangulated_nonmanifold_edge_count_median,repair_preclean_retriangulated_nonmanifold_edge_count_mean,repair_preclean_retriangulated_positive_volume_median,repair_preclean_retriangulated_positive_volume_mean,repair_preclean_retriangulated_printable_median,repair_preclean_retriangulated_printable_mean,repair_preclean_retriangulated_surface_chamfer_l1_normalized_median,repair_preclean_retriangulated_surface_chamfer_l1_normalized_mean,repair_preclean_retriangulated_surface_hausdorff95_normalized_median,repair_preclean_retriangulated_surface_hausdorff95_normalized_mean,repair_preclean_retriangulated_vertex_count_relative_change_abs_median,repair_preclean_retriangulated_vertex_count_relative_change_abs_mean,repair_preclean_retriangulated_vertex_displacement_max_normalized_median,repair_preclean_retriangulated_vertex_displacement_max_normalized_mean,repair_preclean_retriangulated_volume_relative_change_abs_median,repair_preclean_retriangulated_volume_relative_change_abs_mean,repair_preclean_retriangulated_winding_consistent_median,repair_preclean_retriangulated_winding_consistent_mean
0.3680856402166537,baseline-delta,masked,hunyuan3d_2mv_cardinal4_legacy_repaired_stl_inferred_bbox_direct_mesh,4,4,0,0,1.0,multiview-mesh,inferred,False,,,,,,,,,,,,,,,,,,,,,,,,,,,,,,,,,,,,,,,,,,,,,,,,,,,,,,,,,,,,,,,,,1.0,1.0,11734.0,12684.0,118.5,128.0,233.0,252.0,1.0,1.0,1.0,1.0,1.0,1.0,0.0,0.0,0.0,0.0,0.0,0.0,0.0,0.0,1.0,1.0,1.0,1.0,1.0,1.0,0.0,0.0,0.0,0.0,2.0,2.0,29628.375855399274,29675.580345874598,340877.0521010527,337174.7655866487,340877.0521010527,337174.7655866487,0.7734031037699962,0.7629984634563229,1.0,1.0,48.83797264099121,48.932929039001465,95.0,95.0,95.0,95.0,48.83797264099121,48.932929039001465,48.83797264099121,48.932929039001465,95.0,95.0,1.0,1.0,1.9452131956775576,1.9415762936736387,440762.7030849457,441619.6845769882,0.0005307994588655519,0.0005719421973463543,0.0005306526445447441,0.0005717536553562704,0.5140839225367495,0.5150834635684365,455.09418604485256,490.36894144983046,6.101047320849348,6.120036867192579,0.18443046329240934,0.18851194739949906,0.20739447379897696,0.21126526287310074,0.3499466870854855,0.3518120660706101,4096.0,4096.0,1.0,1.0,4.0,4.0,4.0,4.0,0.503448879030999,0.49201564391578556,0.5058607136716283,0.49426611740921755,0.4911880269650697,0.4717811492476978,external-multiview-to-mesh,,,,,,,,,,,mirror,0,0.3058565018,0.332404060975,0.39396121804999995,0.3871810246,0.42501935845,0.415147532925,1.5918756990004113,1.4928288032506316,0.0022848845001135487,0.0023028645005069848,34.489082596,34.51375996974997,0.010510322999834898,0.01038271299967164,1.0,1.0,1.0,1.0,0.5,0.5,0.0,0.0,0.0,0.0,8.0,33.25,1.0,1.0,0.0,0.0,1.0,1.0,0.0,0.0,1.0,1.0,754531.0,744468.5,233.0,252.0,1.1127853064990632,1.0019677684995258,1.0,1.0,13575940.0,13395385.0,376729.0,371745.25,754531.0,744468.5,8.532220195551677,8.524809848484564,0.13335218690480843,0.35999020781762353,0.13335218690480843,0.35999020781762353,0.06556976103545971,0.179353524751227,1.0,1.0,1.0590257495641708,1.2060958668589592,1.1798028647899628,1.192862257361412,1.994406521320343,1.8233585059642792,1.0590257495641708,1.2060958668589592,0.8735096901655197,0.9371682479977608,1.994717538356781,1.9947989284992218,1.0,1.0,2.3583345153817143,2.2665202222650485,2.418878814294711,2.4344166077477176,280885.3136083922,335231.2928508082,12.543062151331238,12.665176769364795,0.3045275488220416,0.30664215870421674,2229315.237326429,2660341.5629003597,14.614566389317165,14.736803538730406,0.6455376383501354,0.5836449387050958,12.224479657398692,14.487204098972162,12.224479657398692,14.487204098972162,5.682164669036865,5.682164669036865,5.80078125,5.80078125,5.80078125,5.80078125,10770.0,10790.5,,,,,,,,,,,,,,,,,,,,,,,,,,,,,,,,,,,,,,,,,,,,,,,,,,,,,,,,,,,,,,
0.27766094594183954,baseline-delta,masked,hunyuan3d_2mv_voxel_r192_a001_repaired_stl_inferred_bbox_direct_mesh,4,4,0,0,1.0,multiview-mesh,inferred,False,,,,,,,,,,,,,,,,,,,,,,,,,,,,,,,,,,,,,,,,,,,,,,,,,,,,,,,,,,,,,,,,,1.0,1.0,13334.0,145034.0,134.5,1147.0,265.0,2899.0,1.0,1.0,1.0,1.0,1.0,1.0,0.0,0.0,0.0,0.0,0.0,0.0,0.0,0.0,1.0,1.0,1.0,1.0,1.0,1.0,0.0,0.0,0.0,0.0,2.0,-302.5,29790.00449253997,31390.036587896462,326738.910320572,255248.7137302659,326738.910320572,255248.7137302659,0.7434951272512726,0.5803793027497195,1.0,1.0,48.83797264099121,48.932929039001465,95.0,95.0,95.0,95.0,48.83797264099121,48.932929039001465,48.83797264099121,48.932929039001465,95.0,95.0,1.0,1.0,1.9452131956775576,1.9415762936736387,440762.7030849457,441619.6845769882,0.00060408717156654,0.006483168845738252,0.0006038837049980741,0.006409705393524255,0.5140839225367495,0.5150834635684365,517.9292387218622,5558.506889114834,6.190557988492934,6.974788808374069,0.20718785557791877,0.20356748781168146,0.2281998151192447,0.22701546093857453,0.3577440024246455,0.39635388752245093,4096.0,4096.0,1.0,1.0,4.0,4.0,4.0,4.0,0.4868018966652523,0.480485790032875,0.48653486047148226,0.48139847454226864,0.4673512621532423,0.45658287364678507,external-multiview-to-mesh,,,,,,,,,,,mirror,0,0.3058565018,0.332404060975,0.39396121804999995,0.3871810246,0.42501935845,0.415147532925,3.9255434345004687,3.661166842250168,0.0023085694992914796,0.008432763499968132,34.489082596,34.51375996974997,0.010406443000647414,0.010487955500138924,1.0,1.0,1.0,1.0,0.0,0.0,0.0,0.25,0.0,0.25,2.5,2.0,1.0,1.0,0.0,0.25,1.0,1.0,0.0,0.0,1.0,0.75,754531.0,744468.5,265.0,2899.0,3.425386465500196,3.1659289180001906,1.0,1.0,13575940.0,13395385.0,376729.0,371745.25,754531.0,744468.5,8.532220195551677,8.524809848484564,0.13335218690480843,0.35999020781762353,0.13335218690480843,0.35999020781762353,0.06556976103545971,0.179353524751227,1.0,1.0,1.0590257495641708,1.2060958668589592,1.1798028647899628,1.192862257361412,1.994406521320343,1.8233585059642792,1.0590257495641708,1.2060958668589592,0.8735096901655197,0.9371682479977608,1.994717538356781,1.9947989284992218,1.0,1.0,2.3583345153817143,2.2665202222650485,2.418878814294711,2.4344166077477176,280885.3136083922,335231.2928508082,12.543062151331238,12.665176769364795,0.3045275488220416,0.30664215870421674,2229315.237326429,2660341.5629003597,14.614566389317165,14.736803538730406,0.45244918283812346,0.40102577799849237,3.840899676674721,6.79049021117209,3.840899676674721,6.79049021117209,5.682164669036865,5.682164669036865,5.80078125,5.80078125,5.80078125,5.80078125,10770.0,10790.5,1.0,1.0,1.5,1.75,0.5,0.5,0.5,0.5,0.5,0.5,1.0,2.0,1.0,1.0,0.0,0.0,0.0,0.0,0.5,0.5,1.0,1.0,754104.0,743909.5,185953.0,188674.5,0.0,0.0,1.0,1.0,0.0,0.0,1.0,1.0,1.0,1.0,0.00018629349109698965,0.00018629349109698965,1.0,1.0,1.0,1.0,1.0,1.0,0.0,0.0,1.0,1.0,0.0,0.0,0.002976582195055754,0.002976582195055754,0.006525086903102872,0.006525086903102872,0.00019302470418508223,0.00019302470418508223,0.0,0.0,0.0,0.0,1.0,1.0
0.2672265933807415,baseline-delta,masked,hunyuan3d_2mv_voxel_r192_all_repaired_stl_inferred_bbox_direct_mesh,4,4,0,0,1.0,multiview-mesh,inferred,False,,,,,,,,,,,,,,,,,,,,,,,,,,,,,,,,,,,,,,,,,,,,,,,,,,,,,,,,,,,,,,,,,1.0,1.0,271584.0,274234.0,2166.5,2352.0,5430.0,5483.0,1.0,1.0,1.0,1.0,1.0,1.0,0.0,0.0,0.0,0.0,0.0,0.0,0.0,0.0,1.0,1.0,1.0,1.0,1.0,1.0,0.0,0.0,0.0,0.0,-167.0,-389.5,29790.00449253997,30572.50426471587,181159.152078763,182455.00971538335,181159.152078763,182455.00971538335,0.4105792659343407,0.4139128280190506,1.0,1.0,48.83797264099121,48.932929039001465,95.0,95.0,95.0,95.0,48.83797264099121,48.932929039001465,48.83797264099121,48.932929039001465,95.0,95.0,1.0,1.0,1.9452131956775576,1.9415762936736387,440762.7030849457,441619.6845769882,0.012415553576434686,0.012392252757597984,0.01226866458208317,0.012245366646384927,0.5140839225367495,0.5150834635684365,10644.78524759569,10624.807708045573,7.893464824485902,7.826379394035614,0.18639995532421808,0.17968041984068472,0.20929914920086062,0.2082354986709934,0.3538795242930587,0.3927486844770529,4096.0,4096.0,1.0,1.0,4.0,4.0,4.0,4.0,0.4840161283936842,0.49527769154669565,0.48391704974651695,0.4962784138264206,0.46805998267841675,0.47261205773697446,external-multiview-to-mesh,,,,,,,,,,,mirror,0,0.3058565018,0.332404060975,0.39396121804999995,0.3871810246,0.42501935845,0.415147532925,3.445633252499647,3.420519156499722,0.013800062999507645,0.014105650249803148,34.489082596,34.51375996974997,0.010390268000264768,0.01042227800053297,1.0,1.0,1.0,1.0,0.0,0.0,0.0,0.0,0.0,0.0,2.5,2.5,1.0,1.0,0.0,0.0,1.0,1.0,0.5,0.5,0.5,0.5,754531.0,744468.5,5430.0,5483.0,2.9510825075003595,2.9286762514998372,1.0,1.0,13575940.0,13395385.0,376729.0,371745.25,754531.0,744468.5,8.532220195551677,8.524809848484564,0.13335218690480843,0.35999020781762353,0.13335218690480843,0.35999020781762353,0.06556976103545971,0.179353524751227,1.0,1.0,1.0590257495641708,1.2060958668589592,1.1798028647899628,1.192862257361412,1.994406521320343,1.8233585059642792,1.0590257495641708,1.2060958668589592,0.8735096901655197,0.9371682479977608,1.994717538356781,1.9947989284992218,1.0,1.0,2.3583345153817143,2.2665202222650485,2.418878814294711,2.4344166077477176,280885.3136083922,335231.2928508082,12.543062151331238,12.665176769364795,0.3045275488220416,0.30664215870421674,2229315.237326429,2660341.5629003597,14.614566389317165,14.736803538730406,0.12531114707955504,0.23455930326782357,0.562134498565283,2.1483121600224075,0.562134498565283,2.1483121600224075,5.682164669036865,5.682164669036865,5.80078125,5.80078125,5.80078125,5.80078125,10770.0,10790.5,1.0,1.0,1.0,1.5,0.0,0.25,1.0,0.75,1.0,0.75,0.0,1.5,1.0,1.0,0.5,0.5,0.0,0.0,0.0,0.25,1.0,1.0,754531.0,744468.5,185953.0,188747.5,0.0,0.0,1.0,1.0,0.0,0.0,1.0,1.0,1.0,1.0,0.0001853911753800519,0.0001853911753800519,1.0,1.0,1.0,1.0,1.0,1.0,0.0,0.0,1.0,1.0,0.0,0.0,7.402625504550914e-05,7.402625504550914e-05,0.0,0.0,0.00018628912071535022,0.00018628912071535022,0.0,0.0,0.0,0.0,1.0,1.0
0.19965687510844377,baseline-delta,masked,hunyuan3d_2mv_voxel_r256_a001_repaired_stl_inferred_bbox_direct_mesh,4,4,0,0,1.0,multiview-mesh,inferred,False,,,,,,,,,,,,,,,,,,,,,,,,,,,,,,,,,,,,,,,,,,,,,,,,,,,,,,,,,,,,,,,,,1.0,1.0,272434.0,274734.0,2194.0,2304.5,5447.0,5493.0,1.0,1.0,1.0,1.0,1.0,1.0,0.0,0.0,0.0,0.0,0.0,0.0,0.0,0.0,1.0,1.0,1.0,1.0,1.0,1.0,0.0,0.0,0.0,0.0,-294.0,-442.0,28401.314902261547,29585.034194161664,168901.8433116439,173380.02416644763,168901.8433116439,173380.02416644763,0.38400190558790326,0.3932995439821945,1.0,1.0,48.83797264099121,48.932929039001465,95.0,95.0,95.0,95.0,48.83797264099121,48.932929039001465,48.83797264099121,48.932929039001465,95.0,95.0,1.0,1.0,1.9452131956775576,1.9415762936736387,440762.7030849457,441619.6845769882,0.01244110708517292,0.012415030484505329,0.01229450998995893,0.012268292385921548,0.5140839225367495,0.5150834635684365,10666.694187150133,10644.336761652758,7.981010035018738,7.901539957209712,0.17790655799731087,0.17455861051297664,0.2055353142778676,0.20549067555494677,0.36822575472666685,0.3999110163518272,4096.0,4096.0,1.0,1.0,4.0,4.0,4.0,4.0,0.47031224618390943,0.5044723896043509,0.46992152308206175,0.5054325087156839,0.455305793245218,0.47836584852163716,external-multiview-to-mesh,,,,,,,,,,,mirror,0,0.3058565018,0.332404060975,0.39396121804999995,0.3871810246,0.42501935845,0.415147532925,6.200990271000592,6.138234330750038,0.013968338001177472,0.014236237500426796,34.489082596,34.51375996974997,0.010433018000185257,0.010287443000379426,1.0,1.0,1.0,1.0,0.0,0.0,0.0,0.3333333333333333,0.0,0.3333333333333333,2.0,7.0,1.0,1.0,0.0,0.3333333333333333,1.0,1.0,0.0,0.25,0.5,0.5,754531.0,744468.5,5447.0,5493.0,5.708957940000801,5.617214150250675,1.0,1.0,13575940.0,13395385.0,376729.0,371745.25,754531.0,744468.5,8.532220195551677,8.524809848484564,0.13335218690480843,0.35999020781762353,0.13335218690480843,0.35999020781762353,0.06556976103545971,0.179353524751227,1.0,1.0,1.0590257495641708,1.2060958668589592,1.1798028647899628,1.192862257361412,1.994406521320343,1.8233585059642792,1.0590257495641708,1.2060958668589592,0.8735096901655197,0.9371682479977608,1.994717538356781,1.9947989284992218,1.0,1.0,2.3583345153817143,2.2665202222650485,2.418878814294711,2.4344166077477176,280885.3136083922,335231.2928508082,12.543062151331238,12.665176769364795,0.3045275488220416,0.30664215870421674,2229315.237326429,2660341.5629003597,14.614566389317165,14.736803538730406,0.08529039888592631,0.2139460192309675,0.406430180124568,2.0424063290205416,0.406430180124568,2.0424063290205416,5.682164669036865,5.682164669036865,5.80078125,5.80078125,5.80078125,5.80078125,10770.0,10790.5,1.0,1.0,5.5,19.25,0.0,0.0,0.0,0.25,0.0,0.25,6.5,27.5,1.0,1.0,0.0,0.25,0.0,0.0,0.0,0.0,1.0,1.0,754104.0,743909.5,342520.0,340767.0,,,,,,,,,,,,,,,,,,,,,,,,,,,,,,,,,,,,
0.19933713268726894,baseline-delta,masked,hunyuan3d_2mv_voxel_r256_all_repaired_stl_inferred_bbox_direct_mesh,4,4,0,0,1.0,multiview-mesh,inferred,False,,,,,,,,,,,,,,,,,,,,,,,,,,,,,,,,,,,,,,,,,,,,,,,,,,,,,,,,,,,,,,,,,1.0,1.0,272434.0,274884.0,2190.0,2302.5,5447.0,5496.0,1.0,1.0,1.0,1.0,1.0,1.0,0.0,0.0,0.0,0.0,0.0,0.0,0.0,0.0,1.0,1.0,1.0,1.0,1.0,1.0,0.0,0.0,0.0,0.0,-294.0,-445.5,28401.314902261547,29015.53550552187,167999.32207564855,172929.38956965494,167999.32207564855,172929.38956965494,0.38193799479242624,0.3922689869945575,1.0,1.0,48.83797264099121,48.932929039001465,95.0,95.0,95.0,95.0,48.83797264099121,48.932929039001465,48.83797264099121,48.932929039001465,95.0,95.0,1.0,1.0,1.9452131956775576,1.9415762936736387,440762.7030849457,441619.6845769882,0.012454058310411522,0.012421731903356652,0.012307152491398141,0.012274834057351263,0.5140839225367495,0.5150834635684365,10677.79824388908,10650.08239064041,7.981540373395223,7.901814367841026,0.17790655799731087,0.17311899622832744,0.2055353142778676,0.20426682793632256,0.36822575472666685,0.3988591031192068,4096.0,4096.0,1.0,1.0,4.0,4.0,4.0,4.0,0.4697269764126937,0.508077657200888,0.4694357640067867,0.508927231361213,0.4573271299089062,0.4765805055623795,external-multiview-to-mesh,,,,,,,,,,,mirror,0,0.3058565018,0.332404060975,0.39396121804999995,0.3871810246,0.42501935845,0.415147532925,5.974381687499772,6.11290431874977,0.013950083000963787,0.014314777750314533,34.489082596,34.51375996974997,0.010402573499959544,0.010282531000029849,1.0,1.0,1.0,1.0,0.0,0.0,0.0,0.0,0.0,0.0,10.5,10.5,1.0,1.0,0.0,0.0,1.0,1.0,0.5,0.5,0.5,0.5,754531.0,744468.5,5447.0,5496.0,5.455691457499597,5.605321464499866,1.0,1.0,13575940.0,13395385.0,376729.0,371745.25,754531.0,744468.5,8.532220195551677,8.524809848484564,0.13335218690480843,0.35999020781762353,0.13335218690480843,0.35999020781762353,0.06556976103545971,0.179353524751227,1.0,1.0,1.0590257495641708,1.2060958668589592,1.1798028647899628,1.192862257361412,1.994406521320343,1.8233585059642792,1.0590257495641708,1.2060958668589592,0.8735096901655197,0.9371682479977608,1.994717538356781,1.9947989284992218,1.0,1.0,2.3583345153817143,2.2665202222650485,2.418878814294711,2.4344166077477176,280885.3136083922,335231.2928508082,12.543062151331238,12.665176769364795,0.3045275488220416,0.30664215870421674,2229315.237326429,2660341.5629003597,14.614566389317165,14.736803538730406,0.08413756907635268,0.21291546224333044,0.3617255084452067,2.0136858932012554,0.3617255084452067,2.0136858932012554,5.682164669036865,5.682164669036865,5.80078125,5.80078125,5.80078125,5.80078125,10770.0,10790.5,1.0,1.0,2.5,17.75,0.0,0.0,0.5,0.5,0.5,0.5,3.5,26.0,1.0,1.0,0.5,0.5,0.0,0.0,0.0,0.0,1.0,1.0,754531.0,744468.5,342512.0,340886.0,,,,,,,,,,,,,,,,,,,,,,,,,,,,,,,,,,,,
0.10563533002919503,baseline-delta,masked,mirror,4,4,0,0,1.0,depth-relief,none,False,21.62083505352544,24.375790391739663,0.814585953950882,0.8440870940685272,0.029757851734757423,0.04087586384412134,0.0,0.0,0.0,0.0,0.02171718655154109,0.020773336989805102,0.02171718655154109,0.020773336989805102,15.370355324630111,18.69383771895553,0.42626017332077026,0.4168749786913395,0.1265956237912178,0.13570450263796374,0.051537616178393364,0.05954630277119577,-0.2888355478644371,-0.30950923170894384,1.036831021308899,1.046505257487297,0.13782833516597748,0.1282353326678276,0.19960637390613556,0.2097535878419876,0.3222071092619419,0.3072334390424474,0.09262175361538563,0.08872186116823097,0.13366147826806857,0.14825965845564332,0.19960637390613556,0.2097535878419876,0.43948100250132455,0.46486256661574166,4096.0,4096.0,-0.1757851094007492,1.4958964064717293,0.622363731265068,-1.0574620738625526,0.2111099734902382,0.23988192901015282,0.3228834420442581,0.3302154503762722,0.1590637235126985,0.23940030085707878,0.11776288758559705,0.11031492242471606,0.1662093277516083,0.1634592204273337,0.3228834420442581,0.3302154503762722,0.48392039507337253,0.46048141055853964,4096.0,4096.0,0.24453717533260586,0.24092093141630294,1.0,1.0,1843084.0,1843084.0,18432.0,18432.0,36860.0,36860.0,1.0,1.0,1.0,1.0,1.0,1.0,0.0,0.0,0.0,0.0,0.0,0.0,0.0,0.0,1.0,1.0,1.0,1.0,1.0,1.0,0.0,0.0,0.0,0.0,2.0,2.0,31077.127057715807,30974.70355502417,255337.78956880607,264566.42299756594,255337.78956880607,264566.42299756594,0.5820944106238127,0.5987907432878194,1.0,1.0,48.83797264099121,48.932929039001465,95.0,95.0,95.0,95.0,48.83797264099121,48.932929039001465,48.83797264099121,48.932929039001465,95.0,95.0,1.0,1.0,1.9452131956775576,1.9415762936736387,440762.7030849457,441619.6845769882,0.0836280022075227,0.08347164564491655,0.08031466429849576,0.08017015438345189,0.5140839225367495,0.5150834635684365,71700.55839267478,71566.50218481032,11.180266346395706,11.178359515379242,0.16825402161195818,0.1644206084130549,0.20506222035486815,0.20430809127922134,0.43397964523489313,0.4424208962867633,4096.0,4096.0,1.0,1.0,1.0,1.0,7.0,7.0,0.47139585410590434,0.446784549229269,0.49343499363350607,0.4693668102363955,0.3497173286453838,0.3381270200620921,mirror,,,,,,,,,,,mirror,0,,,,,,,,,,,,,,,,,,,,,,,,,,,,,,,,,,,,,,,,,,,,,,,,,,,,,,,,,,,,,,,,,,,,,,,,,,,,,,,,,,,,,,,,,,,,,,,,,,,,,,,,,,,,,,,,,,,,,,,,,,,,,,,,,,,,,,,,,,,,,,,,,,,,,,,,,,,,,,,,,,,,
0.0,baseline-delta,masked,masked,4,4,0,0,1.0,depth-relief,none,False,10.305933065608418,10.130664649198104,0.7692874073982239,0.7912069261074066,0.1929187923669815,0.20647510513663292,0.0,0.0,0.0,0.0,0.18921057134866714,0.1861761324107647,0.18921057134866714,0.1861761324107647,4.814473939249369,4.616603378181332,0.34369997680187225,0.3370718900114298,0.5593397617340088,0.575081542134285,0.3059631437063217,0.30033793300390244,-0.43610489647835493,-0.62976462719962,0.9839795231819153,0.9962878674268723,0.37915633618831635,0.48741727881133556,0.4451066851615906,0.5599660538136959,-0.05508759865218425,-0.04992801704462517,0.236188304661622,0.2921984470393601,0.30991239881226484,0.36497500422973983,0.4451066851615906,0.5599660538136959,0.7904806114431356,0.6833624873095026,4096.0,4096.0,-0.31754083558917046,0.5443901065737009,0.6568664610385895,0.21967105567455292,0.1683606654405594,0.4412029981613159,0.2594798654317856,0.5203848704695702,0.11922116162746403,0.08831582845270078,0.10048763009534563,0.23492781823325393,0.15459926152317444,0.28413814254886427,0.2594798654317856,0.5203848704695702,0.5297020185052311,0.6066842074077151,4096.0,4096.0,0.2373046875,0.20898225252373598,1.0,1.0,1843084.0,1843084.0,18432.0,18432.0,36860.0,36860.0,1.0,1.0,1.0,1.0,1.0,1.0,0.0,0.0,0.0,0.0,0.0,0.0,0.0,0.0,1.0,1.0,1.0,1.0,1.0,1.0,0.0,0.0,0.0,0.0,2.0,2.0,27954.57231577438,27959.09675158378,267512.447250152,268505.8377916794,267512.447250152,268505.8377916794,0.5981028202191345,0.5988269160948324,1.0,1.0,49.72844696044922,49.670209884643555,95.0,95.0,95.0,95.0,49.72844696044922,49.670209884643555,49.72844696044922,49.670209884643555,95.0,95.0,1.0,1.0,1.9103844484365968,1.9126577887871088,448799.2338180542,448273.6442089081,0.08213065551173403,0.08222839025478096,0.078931913146818,0.07902217533378651,0.5234573364257813,0.5228443145751953,70416.77076937296,70500.56609469283,11.162198558602697,11.16337906830022,0.18156858440073326,0.18497674113355028,0.22224457099787914,0.22021210460975238,0.4959180623090179,0.4614284322615232,4096.0,4096.0,1.0,1.0,1.0,1.0,7.0,7.0,0.45248554991462653,0.4424746277243625,0.4779930092192545,0.46335178704893343,0.3095413295934255,0.31099956316343547,masked,,,,,,,,,,,mirror,0,,,,,,,,,,,,,,,,,,,,,,,,,,,,,,,,,,,,,,,,,,,,,,,,,,,,,,,,,,,,,,,,,,,,,,,,,,,,,,,,,,,,,,,,,,,,,,,,,,,,,,,,,,,,,,,,,,,,,,,,,,,,,,,,,,,,,,,,,,,,,,,,,,,,,,,,,,,,,,,,,,,,
-0.07564339188746572,baseline-delta,masked,triposg_biharmonic_prefill_repaired_stl_inferred_bbox_direct_mesh,4,4,0,0,1.0,single-image-mesh,inferred,False,,,,,,,,,,,,,,,,,,,,,,,,,,,,,,,,,,,,,,,,,,,,,,,,,,,,,,,,,,,,,,,,,1.0,1.0,535684.0,407359.0,5356.5,4074.0,10712.0,8145.5,1.0,1.0,1.0,1.0,1.0,1.0,0.0,0.0,0.0,0.0,0.0,0.0,0.0,0.0,1.0,1.0,1.0,1.0,1.0,1.0,0.0,0.0,0.0,0.0,1.5,1.25,33952.399694564956,31741.849169883826,170768.50797951067,211380.15566059138,170768.50797951067,211380.15566059138,0.387472772842566,0.4792801357158225,1.0,1.0,48.83797264099121,48.932929039001465,95.0,95.0,95.0,95.0,48.83797264099121,48.932929039001465,48.83797264099121,48.932929039001465,95.0,95.0,1.0,1.0,1.9452131956775576,1.9415762936736387,440762.7030849457,441619.6845769882,0.024419200551705485,0.01844297026728464,0.024125818289086783,0.01822280729038602,0.5140839225367495,0.5150834635684365,20936.41207301849,15812.541632913168,9.949292720652656,8.977046514812258,0.1846706924672462,0.17461918744406102,0.20816315897154047,0.20220689135095027,0.36167550712225727,0.38477052372860693,4096.0,4096.0,1.0,1.0,1.0,1.0,7.0,7.0,0.4378147740416629,0.4597697452465207,0.434256851521604,0.4720315492389286,0.3099954148182946,0.3124994317348452,external-image-to-mesh,,,,,,,,,,,mirror,0,0.3058565018,0.332404060975,0.39396121804999995,0.3871810246,0.42501935845,0.415147532925,0.5651812014998541,0.6400789137499032,0.025509400500141055,0.019850716250175537,32.885519729500004,42.012059801999996,0.0023566350005239656,0.0023134075004236365,1.0,1.0,1.0,1.0,0.0,0.0,1.0,0.75,1.0,0.75,0.0,16.5,1.0,1.0,1.0,0.75,1.0,1.0,0.0,0.0,0.0,0.25,10770.0,10790.5,10712.0,8145.5,0.08501673000000665,0.15819838499987782,1.0,1.0,193762.0,194210.0,5361.5,5326.25,10770.0,10790.5,3.843261894193013,11.958261093983756,0.10122457544603213,0.1780075359752035,0.10122457544603213,0.1780075359752035,0.27204723346345033,0.3147337694157671,1.0,1.0,0.13725819252431393,0.5045399619266391,0.9248700588941574,0.9535034596920013,1.903331696987152,1.9029784351587296,0.13725819252431393,0.5045399619266391,0.13725819252431393,0.20387001615017653,1.903331696987152,1.9029784351587296,1.0,1.0,14.596149466992468,50.80368659578191,0.24737349693272256,0.5676400917861775,48380.47014010425,115423.51024200932,10.731201622567859,10.745550934840843,0.035866729301264076,0.08250131478586649,333740.3706229449,795853.8508854805,12.662359656391253,12.675766363339672,1.5309919211281553e-06,0.16454636630005542,2.9542335357292215e-06,0.5723607863917428,2.956794108488775e-06,0.5723607900581473,,,,,,,,,,,,,,,,,,,,,,,,,,,,,,,,,,,,,,,,,,,,,,,,,,,,,,,,,,,,,,,,,,,,,,
-5.9691251114258606,baseline-delta,masked,hunyuan3d_2mv_cardinal4_raw_direct_mesh,4,4,0,0,1.0,multiview-mesh,none,False,,,,,,,,,,,,,,,,,,,,,,,,,,,,,,,,,,,,,,,,,,,,,,,,,,,,,,,,,,,,,,,,,1.0,1.0,37726634.0,37223509.0,376729.0,371745.25,754531.0,744468.5,0.5,0.5,0.5,0.5,0.0,0.0,1.0,3.0,0.5493061443340548,0.8741268903666201,19.0,17.5,2.3582241415378965e-05,2.1215956209429595e-05,1.0,1.0,10.5,13.25,0.0,0.25,9.5,12.25,2.2499048351651325,1.9834492187038528,-486.5,-485.75,8.532220195551677,8.524809848484564,0.13335218690480843,0.35999020781762353,0.13335218690480843,0.35999020781762353,0.06556976103545971,0.179353524751227,1.0,1.0,1.0590257495641708,1.2060958668589592,1.1798028647899628,1.192862257361412,1.994406521320343,1.8233585059642792,1.0590257495641708,1.2060958668589592,0.8735096901655197,0.9371682479977608,1.994717538356781,1.9947989284992218,1.0,1.0,2.3583345153817143,2.2665202222650485,2.418878814294711,2.4344166077477176,280885.3136083922,335231.2928508082,12.543062151331238,12.665176769364795,0.3045275488220416,0.30664215870421674,2229315.237326429,2660341.5629003597,14.614566389317165,14.736803538730406,0.04699318046115743,0.07001091667640069,0.06736449346587242,0.09466963283141541,0.14787091913108125,0.22015098053803034,4096.0,4096.0,1.0,1.0,4.0,4.0,4.0,4.0,0.8007210682210828,0.751897722716687,0.800966909338231,0.754666339390075,0.7708809952801043,0.7145628380655841,external-multiview-to-mesh,,,,,,,,,,,mirror,0,0.3058565018,0.332404060975,0.39396121804999995,0.3871810246,0.42501935845,0.415147532925,0.6948314444998687,0.6813392842500434,0.0,0.0,34.489082596,34.51375996974997,0.010462582999934966,0.010405550749737813,,,,,,,,,,,,,,,,,,,,,,,,,,,0.0,0.0,1.0,1.0,13575940.0,13395385.0,376729.0,371745.25,754531.0,744468.5,8.532220195551677,8.524809848484564,0.13335218690480843,0.35999020781762353,0.13335218690480843,0.35999020781762353,0.06556976103545971,0.179353524751227,1.0,1.0,1.0590257495641708,1.2060958668589592,1.1798028647899628,1.192862257361412,1.994406521320343,1.8233585059642792,1.0590257495641708,1.2060958668589592,0.8735096901655197,0.9371682479977608,1.994717538356781,1.9947989284992218,1.0,1.0,2.3583345153817143,2.2665202222650485,2.418878814294711,2.4344166077477176,280885.3136083922,335231.2928508082,12.543062151331238,12.665176769364795,0.3045275488220416,0.30664215870421674,2229315.237326429,2660341.5629003597,14.614566389317165,14.736803538730406,,,,,,,5.682164669036865,5.682164669036865,5.80078125,5.80078125,5.80078125,5.80078125,,,,,,,,,,,,,,,,,,,,,,,,,,,,,,,,,,,,,,,,,,,,,,,,,,,,,,,,,,,,,,,,
