"sample_id","asset_id","asset_category","method","status","provider_status","stl_mode","direct_mesh_bbox_source","mesh_surface_chamfer_l1","mesh_surface_chamfer_rmse","mesh_surface_hausdorff95","heldout_view_agreement_supported","heldout_view_selected_count","heldout_view_count","heldout_view_silhouette_iou_mean","heldout_view_silhouette_iou_median","heldout_view_silhouette_iou_min","stl_exists","stl_is_watertight","stl_is_volume","stl_is_manifold","stl_winding_consistent","stl_positive_volume","stl_component_count","stl_single_component","stl_nonmanifold_edge_count","stl_degenerate_face_ratio","stl_bbox_has_volume","stl_bbox_aspect_ratio","stl_faces","stl_faces_per_normalized_bbox_volume_log1p","stl_volume_fill_ratio","raw_mesh_exists","raw_mesh_component_count","raw_mesh_faces","raw_mesh_faces_per_normalized_bbox_volume_log1p","raw_mesh_volume_fill_ratio","repair_volume_fill_ratio_change","repair_volume_fill_ratio_relative_change","repair_runtime_seconds","provider","provider_cache_hit","provider_inference_runtime_seconds","provider_invocation_runtime_seconds","direct_mesh_command_runtime_seconds","provider_peak_cuda_allocated_gib","provider_peak_cuda_reserved_gib","provider_peak_cuda_vram_gib","provider_peak_cuda_vram_measurement","inferred_bbox_shape_log_mae","inferred_bbox_shape_relative_mae","inferred_bbox_centered_iou"
"mesh_dir_e49bbc93b7_v00","table_0247","table","biharmonic",,,"depth-relief","none","0.20761614670001777","0.24485186098935866","0.4523239347861243",,,,,,,"True","True","True","True","True","True","1","True","0","0.0","True","1.9773720432334165","36860","11.196664663434817","0.5410028025185558",,,,,,,,,,,,,,,,,,,,
"mesh_dir_4af07fffff_v00","night_stand_0103","night_stand","biharmonic",,,"depth-relief","none","0.16797670023827327","0.23437199151690605","0.5753165854784175",,,,,,,"True","True","True","True","True","True","1","True","0","0.0","True","1.9350886889489118","36860","11.175049410502863","0.6254442000426033",,,,,,,,,,,,,,,,,,,,
"mesh_dir_014d7f1847_v00","toilet_0356","toilet","biharmonic",,,"depth-relief","none","0.23331618666952297","0.2902071416915225","0.5914529059507112",,,,,,,"True","True","True","True","True","True","1","True","0","0.0","True","1.974908099059123","36860","11.19541783346392","0.44121501012493974",,,,,,,,,,,,,,,,,,,,
"mesh_dir_4f704c790f_v00","dresser_0155","dresser","biharmonic",,,"depth-relief","none","0.19512371361776965","0.2278385565630571","0.4324767596129798",,,,,,,"True","True","True","True","True","True","1","True","0","0.0","True","1.9384430562192294","36860","11.1767813292494","0.6718818253978137",,,,,,,,,,,,,,,,,,,,
"mesh_dir_abf713d7a4_v00","desk_0178","desk","biharmonic",,,"depth-relief","none","0.1670991664372084","0.23575006775640212","0.6902160399721136",,,,,,,"True","True","True","True","True","True","1","True","0","0.0","True","1.9211001201165852","36860","11.167794354251273","0.6608133055329027",,,,,,,,,,,,,,,,,,,,
"mesh_dir_509850f403_v00","monitor_0230","monitor","biharmonic",,,"depth-relief","none","0.2358154120835273","0.29840251562228687","0.5939641164463041",,,,,,,"True","True","True","True","True","True","1","True","0","0.0","True","1.9476648290414134","36860","11.1815272918667","0.6571623656299584",,,,,,,,,,,,,,,,,,,,
"mesh_dir_c3a9748da7_v00","bed_0198","bed","biharmonic",,,"depth-relief","none","0.1668843219104712","0.19081009883418643","0.34450106144283665",,,,,,,"True","True","True","True","True","True","1","True","0","0.0","True","1.9382431558216844","36860","11.176678201170954","0.6618650711467456",,,,,,,,,,,,,,,,,,,,
"mesh_dir_001bfe840e_v00","bathtub_0050","bathtub","biharmonic",,,"depth-relief","none","0.16085164567283422","0.21281364174048578","0.5056133879872228",,,,,,,"True","True","True","True","True","True","1","True","0","0.0","True","1.9511965805671048","36860","11.183338950692649","0.6404046159306385",,,,,,,,,,,,,,,,,,,,
"mesh_dir_3ea1828365_v00","chair_0276","chair","biharmonic",,,"depth-relief","none","0.18189411744752543","0.2209558815426177","0.40670798854860885",,,,,,,"True","True","True","True","True","True","1","True","0","0.0","True","1.9126743569390827","36860","11.163398864873683","0.5428943394437982",,,,,,,,,,,,,,,,,,,,
"mesh_dir_8a68107048_v00","sofa_0456","sofa","biharmonic",,,"depth-relief","none","0.16922272976088487","0.21899318929378064","0.5839331424727061",,,,,,,"True","True","True","True","True","True","1","True","0","0.0","True","1.9264482448743356","36860","11.170574333747192","0.7537338071206775",,,,,,,,,,,,,,,,,,,,
"mesh_dir_e49bbc93b7_v00","table_0247","table","hunyuan3d_2mv_cardinal4_raw_direct_mesh","ok","ok","multiview-mesh","none","0.09044420768727132","0.15577214415000873","0.49824678682405976","True","4","4","0.5584555317005836","0.5581808758679793","0.5523156089193825","True","True","True","False","True","True","2","False","0","1.8724908622445922e-06","True","1.5850211858246437","534048","13.867548480802485","0.06361884725392429","True","nan","534048","13.867548480802485","0.06361884725392429",,,"0.0","hunyuan3d-2mv","False","34.916483836000225","34.92596874600031","35.51702371300007","5.682164669036865","5.80078125","5.80078125","torch_peak_reserved","0.2876349843","0.3150224542","0.4797199855"
"mesh_dir_4af07fffff_v00","night_stand_0103","night_stand","hunyuan3d_2mv_cardinal4_raw_direct_mesh","ok","ok","multiview-mesh","none","0.0977011749841949","0.14144477592719654","0.3311053707258883","True","4","4","0.8895434462444771","0.8854933726067746","0.8851251840942562","True","False","False","False","True","True","13","False","2","3.071207795462475e-06","True","1.1075093480705784","1628024","14.405141361566873","0.9063491359369017","True","nan","1628024","14.405141361566873","0.9063491359369017",,,"0.0","hunyuan3d-2mv","False","35.06750454599978","35.08758273600006","36.07032361099982","5.682164669036865","5.80078125","5.80078125","torch_peak_reserved","0.2613752938","0.203805533","0.482601393"
"mesh_dir_014d7f1847_v00","toilet_0356","toilet","hunyuan3d_2mv_cardinal4_raw_direct_mesh","ok","ok","multiview-mesh","none","0.057913312407738095","0.06810422681405391","0.13553910928878957","True","4","4","0.9280610246359006","0.9280606682085712","0.9266547406082289","True","True","True","False","True","True","1","True","0","1.7115212000425977e-05","True","1.464150913468526","1051696","14.41720893018512","0.590399128367334","True","nan","1051696","14.41720893018512","0.590399128367334",,,"0.0","hunyuan3d-2mv","False","34.7139084749997","34.728448176000256","35.51989892399979","5.682164669036865","5.80078125","5.80078125","torch_peak_reserved","0.2681124377","0.2729794796","0.5024511325"
"mesh_dir_4f704c790f_v00","dresser_0155","dresser","hunyuan3d_2mv_cardinal4_raw_direct_mesh","ok","ok","multiview-mesh","none","0.0242737244769746","0.02669079385572262","0.0455652952882751","True","4","4","1.0","1.0","1.0","True","True","True","False","True","True","16","False","0","2.0272714797210474e-05","True","1.8013871423411907","1282512","14.885635405640496","0.9230230999064963","True","nan","1282512","14.885635405640496","0.9230230999064963",,,"0.0","hunyuan3d-2mv","False","34.813940055999865","34.83044590600002","35.667719194000256","5.682164669036865","5.80078125","5.80078125","torch_peak_reserved","0.5125431493","0.547206714","0.2990706779"
"mesh_dir_abf713d7a4_v00","desk_0178","desk","hunyuan3d_2mv_cardinal4_raw_direct_mesh","ok","ok","multiview-mesh","none","0.03625643854314142","0.05754054483181968","0.17615728980156936","True","4","4","0.8917710196779964","0.8917710196779964","0.8300536672629696","True","False","False","False","True","True","41","False","12","3.2006941950076286e-05","True","3.751103205343026","1124756","15.441234762634698","0.0759700733285804","True","nan","1124756","15.441234762634698","0.0759700733285804",,,"0.0","hunyuan3d-2mv","False","34.71605294500023","34.73120808399972","35.5180373219996","5.682164669036865","5.80078125","5.80078125","torch_peak_reserved","0.2893792963","0.3957943615","0.4197324104"
"mesh_dir_509850f403_v00","monitor_0230","monitor","hunyuan3d_2mv_cardinal4_raw_direct_mesh","ok","ok","multiview-mesh","none","0.04317658749583453","0.047984459811520844","0.07747045912319046","True","4","4","0.9079868303153125","0.9017793164083965","0.8982930298719772","True","True","True","False","True","True","1","True","0","9.144968324115967e-06","True","3.8655675365879403","874798","15.043163106174282","0.31652717127029445","True","nan","874798","15.043163106174282","0.31652717127029445",,,"0.0","hunyuan3d-2mv","False","34.91409848300009","34.92748304299994","35.66931712200039","5.682164669036865","5.80078125","5.80078125","torch_peak_reserved","0.6436035203","1.022455985","0.2217507338"
"mesh_dir_c3a9748da7_v00","bed_0198","bed","hunyuan3d_2mv_cardinal4_raw_direct_mesh","ok","ok","multiview-mesh","none","0.15605676230610926","0.20942416675290257","0.5165899633068953","True","4","4","0.4798432537914872","0.4779480411831428","0.4015957446808511","True","True","True","False","True","True","15","False","0","1.1835720203574388e-05","True","1.9393717947165872","675920","14.440652924931744","0.024711956524268795","True","nan","675920","14.440652924931744","0.024711956524268795",,,"0.0","hunyuan3d-2mv","False","34.61357021200001","34.62521276200005","35.31857078100029","5.682164669036865","5.80078125","5.80078125","torch_peak_reserved","0.3060304122","0.3819957944","0.4503414193"
"mesh_dir_001bfe840e_v00","bathtub_0050","bathtub","hunyuan3d_2mv_cardinal4_raw_direct_mesh","ok","ok","multiview-mesh","none","0.030000543477178655","0.03452537764101425","0.06827212058306356","True","4","4","0.9196854940369241","0.9196792816040262","0.9148936170212766","True","False","False","False","True","True","6","False","2","3.600826749821759e-05","True","2.777297236046842","833142","15.277428451355556","0.09527912907668531","True","nan","833142","15.277428451355556","0.09527912907668531",,,"0.0","hunyuan3d-2mv","False","34.61285890699992","34.62555357700012","35.36469207800019","5.682164669036865","5.80078125","5.80078125","torch_peak_reserved","0.3056825914","0.4059266417","0.3996972976"
"mesh_dir_3ea1828365_v00","chair_0276","chair","hunyuan3d_2mv_cardinal4_raw_direct_mesh","ok","ok","multiview-mesh","none","0.03949727881131245","0.05894936421850139","0.09612772796185784","True","4","4","0.6817566424052416","0.6822545370724358","0.6753864447086801","True","False","False","False","True","True","31","False","10","3.532876262718354e-05","True","1.5462299269572186","877472","14.54188338609227","0.03586039299423411","True","nan","877472","14.54188338609227","0.03586039299423411",,,"0.0","hunyuan3d-2mv","False","34.811735430000226","34.824730400000135","35.56790137999997","5.682164669036865","5.80078125","5.80078125","torch_peak_reserved","0.4794141461","0.4739844417","0.3215878406"
"mesh_dir_8a68107048_v00","sofa_0456","sofa","hunyuan3d_2mv_cardinal4_raw_direct_mesh","ok","ok","multiview-mesh","none","0.054489082111002396","0.07577962271324344","0.19961411030030468","True","4","4","0.926305500633095","0.9387834977006951","0.8663755458515284","True","True","True","False","True","True","1","True","0","1.6910745087428552e-06","True","2.803181931339546","591340","14.687249392542059","0.5615626204097198","True","nan","591340","14.687249392542059","0.5615626204097198",,,"0.0","hunyuan3d-2mv","False","34.61581885099986","34.626160791000075","35.26907985999969","5.682164669036865","5.80078125","5.80078125","torch_peak_reserved","0.2384890942","0.2868172206","0.4889635742"
"mesh_dir_e49bbc93b7_v00","table_0247","table","hunyuan3d_2mv_cardinal4_repaired_stl_inferred_bbox_direct_mesh","ok","ok","multiview-mesh","inferred","0.14024254778947706","0.16545437926273207","0.3626270182128152","True","4","4","0.7889289595944136","0.7891583353246333","0.7795823665893271","True","True","True","True","True","True","1","True","0","0.0","True","1.9393555780629463","306","6.387624507780946","0.944595206802314","True","nan","534048","13.867548480802485","0.06361884725392429","0.8809763595483897","13.847725911035699","0.5335878999999295","hunyuan3d-2mv","True","34.916483836000225","0.00869987999976729","1.0169491599999674","5.682164669036865","5.80078125","5.80078125","torch_peak_reserved","0.2876349843","0.3150224542","0.4797199855"
"mesh_dir_4af07fffff_v00","night_stand_0103","night_stand","hunyuan3d_2mv_cardinal4_repaired_stl_inferred_bbox_direct_mesh","ok","ok","multiview-mesh","inferred","0.12430193114732822","0.15986630144325792","0.3495270510475081","True","4","4","0.8591658562345756","0.8629690048939641","0.8477564102564102","True","True","True","True","True","True","1","True","0","0.0","True","1.9714422190757692","508","6.910244824780253","0.9578923708443131","True","nan","1628024","14.405141361566873","0.9063491359369017","0.05154323490741142","0.056869072704671016","1.528055448000032","hunyuan3d-2mv","True","35.06750454599978","0.0188225799997781","2.0177577479998945","5.682164669036865","5.80078125","5.80078125","torch_peak_reserved","0.2613752938","0.203805533","0.482601393"
"mesh_dir_014d7f1847_v00","toilet_0356","toilet","hunyuan3d_2mv_cardinal4_repaired_stl_inferred_bbox_direct_mesh","ok","ok","multiview-mesh","inferred","0.14973631646011332","0.17463593997770777","0.32763305549186456","True","4","4","0.9310759002145199","0.9310758104121855","0.9304973037747154","True","True","True","True","True","True","1","True","0","0.0","True","1.9692961715897068","826","7.394885554929755","0.7355826140618291","True","nan","1051696","14.41720893018512","0.590399128367334","0.14518348569449513","0.24590735100842662","1.0440390789999583","hunyuan3d-2mv","True","34.7139084749997","0.012737009999909787","1.5168939090003732","5.682164669036865","5.80078125","5.80078125","torch_peak_reserved","0.2681124377","0.2729794796","0.5024511325"
"mesh_dir_4f704c790f_v00","dresser_0155","dresser","hunyuan3d_2mv_cardinal4_repaired_stl_inferred_bbox_direct_mesh","ok","ok","multiview-mesh","inferred","0.20398894861102723","0.22850285261337086","0.3486138687521141","True","4","4","0.7529162038412358","0.7529162038412358","0.7486510791366906","True","True","True","True","True","True","1","True","0","0.0","True","1.9201163063870825","462","6.789077293222035","0.9528593593655683","True","nan","1282512","14.885635405640496","0.9230230999064963","0.02983625945907198","0.03232449920494345","1.5547868789999484","hunyuan3d-2mv","True","34.813940055999865","0.014767919999940204","2.069036517999848","5.682164669036865","5.80078125","5.80078125","torch_peak_reserved","0.5125431493","0.547206714","0.2990706779"
"mesh_dir_abf713d7a4_v00","desk_0178","desk","hunyuan3d_2mv_cardinal4_repaired_stl_inferred_bbox_direct_mesh","ok","ok","multiview-mesh","inferred","0.1598105079809537","0.18425789621220892","0.3788866424451077","True","4","4","0.5209942245226928","0.5209942245226928","0.48798328108672934","True","True","True","True","True","True","1","True","0","0.0","True","1.9024209886238286","200","5.944069428437436","0.7715426380474519","True","nan","1124756","15.441234762634698","0.0759700733285804","0.6955725647188715","9.15587591590744","1.4793443680000564","hunyuan3d-2mv","True","34.71605294500023","0.013865650000298047","1.9690561679999519","5.682164669036865","5.80078125","5.80078125","torch_peak_reserved","0.2893792963","0.3957943615","0.4197324104"
"mesh_dir_509850f403_v00","monitor_0230","monitor","hunyuan3d_2mv_cardinal4_repaired_stl_inferred_bbox_direct_mesh","ok","ok","multiview-mesh","inferred","0.19347981616822751","0.2686699316741127","0.5756535355466011","True","4","4","0.714690884300855","0.7077916449438947","0.6864064602960969","True","True","True","True","True","True","1","True","0","0.0","True","1.9493062708369813","10742","9.949437876809409","0.31113429886480387","True","nan","874798","15.043163106174282","0.31652717127029445","-0.0053928724054905786","-0.017037628661854758","0.8822916489998534","hunyuan3d-2mv","True","34.91409848300009","0.011481610999908298","1.3685242990004554","5.682164669036865","5.80078125","5.80078125","torch_peak_reserved","0.6436035203","1.022455985","0.2217507338"
"mesh_dir_c3a9748da7_v00","bed_0198","bed","hunyuan3d_2mv_cardinal4_repaired_stl_inferred_bbox_direct_mesh","ok","ok","multiview-mesh","inferred","0.17175920713071308","0.20048598092934874","0.36380566720882423","True","4","4","0.4945514885796216","0.49937659846547316","0.47192028985507245","True","True","True","True","True","True","1","True","0","0.0","True","1.9152096625507022","144","5.623259787448392","0.8426319656875741","True","nan","675920","14.440652924931744","0.024711956524268795","0.8179200091633053","33.09814859701834","1.0455454590000954","hunyuan3d-2mv","True","34.61357021200001","0.009769399999640882","1.5173970089999784","5.682164669036865","5.80078125","5.80078125","torch_peak_reserved","0.3060304122","0.3819957944","0.4503414193"
"mesh_dir_001bfe840e_v00","bathtub_0050","bathtub","hunyuan3d_2mv_cardinal4_repaired_stl_inferred_bbox_direct_mesh","ok","ok","multiview-mesh","inferred","0.19224035087550842","0.2136397342782608","0.3484707314659375","True","4","4","0.5123462694823764","0.5123448288777834","0.510455764075067","True","True","True","True","True","True","1","True","0","0.0","True","1.9419409584347243","186","5.892199356789532","0.7596591181734653","True","nan","833142","15.277428451355556","0.09527912907668531","0.66437998909678","6.972985537704217","1.1562041790002695","hunyuan3d-2mv","True","34.61285890699992","0.010964940000121715","1.6167165389997535","5.682164669036865","5.80078125","5.80078125","torch_peak_reserved","0.3056825914","0.4059266417","0.3996972976"
"mesh_dir_3ea1828365_v00","chair_0276","chair","hunyuan3d_2mv_cardinal4_repaired_stl_inferred_bbox_direct_mesh","ok","ok","multiview-mesh","inferred","0.21342765588246448","0.2297861229651002","0.34354922290264506","True","4","4","0.36563607200838577","0.3656137546954349","0.3584070796460177","True","True","True","True","True","True","1","True","0","0.0","True","1.960669120788737","280","6.309895284909166","0.662555680597725","True","nan","877472","14.54188338609227","0.03586039299423411","0.6266952876034908","17.475973777093166","1.1834594290003224","hunyuan3d-2mv","True","34.811735430000226","0.011461740000413556","1.721124489000431","5.682164669036865","5.80078125","5.80078125","torch_peak_reserved","0.4794141461","0.4739844417","0.3215878406"
"mesh_dir_8a68107048_v00","sofa_0456","sofa","hunyuan3d_2mv_cardinal4_repaired_stl_inferred_bbox_direct_mesh","ok","ok","multiview-mesh","inferred","0.17662057570931025","0.20114921331969313","0.3514226427050335","True","4","4","0.5955287455927585","0.5997292875981786","0.5463414634146342","True","True","True","True","True","True","1","True","0","0.0","True","1.9484854329203911","398","6.654793039623224","0.7871470893665271","True","nan","591340","14.687249392542059","0.5615626204097198","0.22558446895680728","0.4017084840729238","0.5774293699996633","hunyuan3d-2mv","True","34.61581885099986","0.008987539999907312","1.0701126699996166","5.682164669036865","5.80078125","5.80078125","torch_peak_reserved","0.2384890942","0.2868172206","0.4889635742"
"mesh_dir_e49bbc93b7_v00","table_0247","table","masked",,,"depth-relief","none","0.18385102179179696","0.21370308651523773","0.3718838200687827",,,,,,,"True","True","True","True","True","True","1","True","0","0.0","True","1.9309429362743427","36860","11.172904732713793","0.6736496664824184",,,,,,,,,,,,,,,,,,,,
"mesh_dir_4af07fffff_v00","night_stand_0103","night_stand","masked",,,"depth-relief","none","0.14998370185742044","0.20743324238816116","0.5030340833468306",,,,,,,"True","True","True","True","True","True","1","True","0","0.0","True","1.9062429339739813","36860","11.160030717737472","0.6988198184833837",,,,,,,,,,,,,,,,,,,,
"mesh_dir_014d7f1847_v00","toilet_0356","toilet","masked",,,"depth-relief","none","0.21347994848212554","0.2521607319791709","0.5189880994829742",,,,,,,"True","True","True","True","True","True","1","True","0","0.0","True","1.9541308498247938","36860","11.184841630862186","0.6533504956578413",,,,,,,,,,,,,,,,,,,,
"mesh_dir_4f704c790f_v00","dresser_0155","dresser","masked",,,"depth-relief","none","0.19584093674722458","0.22789457516998038","0.4271830149811814",,,,,,,"True","True","True","True","True","True","1","True","0","0.0","True","1.9132258274669744","36860","11.163687143544962","0.6786393959718857",,,,,,,,,,,,,,,,,,,,
"mesh_dir_abf713d7a4_v00","desk_0178","desk","masked",,,"depth-relief","none","0.16335837588061486","0.2223083754350712","0.6273159797994406",,,,,,,"True","True","True","True","True","True","1","True","0","0.0","True","1.905848176089655","36860","11.159823612368982","0.6494477791705365",,,,,,,,,,,,,,,,,,,,
"mesh_dir_509850f403_v00","monitor_0230","monitor","masked",,,"depth-relief","none","0.25159048629069886","0.31253039728236653","0.6589719818436863",,,,,,,"True","True","True","True","True","True","1","True","0","0.0","True","1.9708705639608106","36860","11.193371352233282","0.6271529053171735",,,,,,,,,,,,,,,,,,,,
"mesh_dir_c3a9748da7_v00","bed_0198","bed","masked",,,"depth-relief","none","0.17156975814955994","0.19551302191432948","0.34350386670421706",,,,,,,"True","True","True","True","True","True","1","True","0","0.0","True","1.9032897208118433","36860","11.158480306199285","0.6796298945846824",,,,,,,,,,,,,,,,,,,,
"mesh_dir_001bfe840e_v00","bathtub_0050","bathtub","masked",,,"depth-relief","none","0.19156741065190658","0.23641843294703052","0.51037373772384",,,,,,,"True","True","True","True","True","True","1","True","0","0.0","True","1.9265725374633977","36860","11.170638849796198","0.5232177769101639",,,,,,,,,,,,,,,,,,,,
"mesh_dir_3ea1828365_v00","chair_0276","chair","masked",,,"depth-relief","none","0.20630164794417027","0.2408462545289218","0.4874292296083181",,,,,,,"True","True","True","True","True","True","1","True","0","0.0","True","1.9062187127806474","36860","11.160018011590703","0.5194721293563783",,,,,,,,,,,,,,,,,,,,
"mesh_dir_8a68107048_v00","sofa_0456","sofa","masked",,,"depth-relief","none","0.17046814778856437","0.20807070904872774","0.5044068950097177",,,,,,,"True","True","True","True","True","True","1","True","0","0.0","True","1.9145501840925465","36860","11.164379105614689","0.672987863528105",,,,,,,,,,,,,,,,,,,,
"mesh_dir_e49bbc93b7_v00","table_0247","table","mirror",,,"depth-relief","none","0.19468480553606365","0.22867481021431318","0.42535549741370743",,,,,,,"True","True","True","True","True","True","1","True","0","0.0","True","1.9393555780629463","36860","11.177251961780126","0.5961704032991512",,,,,,,,,,,,,,,,,,,,
"mesh_dir_4af07fffff_v00","night_stand_0103","night_stand","mirror",,,"depth-relief","none","0.15480188778838405","0.21081431359113137","0.5425823678151496",,,,,,,"True","True","True","True","True","True","1","True","0","0.0","True","1.9714422190757692","36860","11.193661358269157","0.6212339886684094",,,,,,,,,,,,,,,,,,,,
"mesh_dir_014d7f1847_v00","toilet_0356","toilet","mirror",,,"depth-relief","none","0.2013788887627797","0.24870219241342806","0.5176695997212282",,,,,,,"True","True","True","True","True","True","1","True","0","0.0","True","1.9692961715897068","36860","11.192572213069806","0.5128463671897953",,,,,,,,,,,,,,,,,,,,
"mesh_dir_4f704c790f_v00","dresser_0155","dresser","mirror",,,"depth-relief","none","0.19400784361503023","0.2272844483465516","0.4339750163364583",,,,,,,"True","True","True","True","True","True","1","True","0","0.0","True","1.9201163063870825","36860","11.167282120758","0.6730332252909144",,,,,,,,,,,,,,,,,,,,
"mesh_dir_abf713d7a4_v00","desk_0178","desk","mirror",,,"depth-relief","none","0.17421871859392915","0.23537283218355046","0.6710120980632841",,,,,,,"True","True","True","True","True","True","1","True","0","0.0","True","1.9024209886238286","36860","11.158023771331669","0.6523658225697383",,,,,,,,,,,,,,,,,,,,
"mesh_dir_509850f403_v00","monitor_0230","monitor","mirror",,,"depth-relief","none","0.23165267854251584","0.2976452185513798","0.6272311562454111",,,,,,,"True","True","True","True","True","True","1","True","0","0.0","True","1.9493062708369813","36860","11.18236969946805","0.5902010375574704",,,,,,,,,,,,,,,,,,,,
"mesh_dir_c3a9748da7_v00","bed_0198","bed","mirror",,,"depth-relief","none","0.17150558864079943","0.19542549989868366","0.3477774929599572",,,,,,,"True","True","True","True","True","True","1","True","0","0.0","True","1.9152096625507022","36860","11.16472349750757","0.6669510587350235",,,,,,,,,,,,,,,,,,,,
"mesh_dir_001bfe840e_v00","bathtub_0050","bathtub","mirror",,,"depth-relief","none","0.14535139902098348","0.20227202929162677","0.4965938524316694",,,,,,,"True","True","True","True","True","True","1","True","0","0.0","True","1.9419409584347243","36860","11.178584168473172","0.5640230931686286",,,,,,,,,,,,,,,,,,,,
"mesh_dir_3ea1828365_v00","chair_0276","chair","mirror",,,"depth-relief","none","0.1758229914073197","0.21168242450846544","0.37136543803811684",,,,,,,"True","True","True","True","True","True","1","True","0","0.0","True","1.960669120788737","36860","11.188181871217983","0.5823196432690029",,,,,,,,,,,,,,,,,,,,
"mesh_dir_8a68107048_v00","sofa_0456","sofa","mirror",,,"depth-relief","none","0.16500245458311696","0.20785241141810953","0.5539468017173097",,,,,,,"True","True","True","True","True","True","1","True","0","0.0","True","1.9484854329203911","36860","11.18194852431824","0.5818691779786226",,,,,,,,,,,,,,,,,,,,
"mesh_dir_e49bbc93b7_v00","table_0247","table","source_mesh_oracle",,,"source-mesh-oracle","none","0.2797862553950663","0.30579727409492896","0.5060211388085782",,,,,,,"True","True","True","True","True","True","1","True","0","0.0","True","20.000052616650702","108","8.21713114213449","0.998966859194258",,,,,,,,,,,,,,,,,,"0.2876349843","0.3150224542","0.4797199855"
"mesh_dir_4af07fffff_v00","night_stand_0103","night_stand","source_mesh_oracle",,,"source-mesh-oracle","none","0.16336404443135233","0.20821331944701502","0.46602545429706893",,,,,,,"True","True","True","True","True","True","1","True","0","0.0","True","2.892857276637274","12","3.7751465845895122","1.0",,,,,,,,,,,,,,,,,,"0.2613752938","0.203805533","0.482601393"
"mesh_dir_014d7f1847_v00","toilet_0356","toilet","source_mesh_oracle",,,"source-mesh-oracle","none","0.05878791084645988","0.07773585926579507","0.19249490891120255",,,,,,,"True","True","True","True","True","True","1","True","0","0.0","True","1.4819312491802825","260","6.29576168430349","0.6708272772554982",,,,,,,,,,,,,,,,,,"0.2681124377","0.2729794796","0.5024511325"
"mesh_dir_4f704c790f_v00","dresser_0155","dresser","source_mesh_oracle",,,"source-mesh-oracle","none","0.021068128927204978","0.024061412172575628","0.04355392790842856",,,,,,,"True","True","True","True","True","True","1","True","0","0.0","True","1.8749974420779507","556","7.215813919001662","0.974824676772401",,,,,,,,,,,,,,,,,,"0.5125431493","0.547206714","0.2990706779"
"mesh_dir_abf713d7a4_v00","desk_0178","desk","source_mesh_oracle",,,"source-mesh-oracle","none","0.05760515808744589","0.102635733382098","0.340221205597119",,,,,,,"True","True","True","True","True","True","1","True","0","0.0","True","3.786590512403021","22","4.612286425548198","0.7807670007696496",,,,,,,,,,,,,,,,,,"0.2893792963","0.3957943615","0.4197324104"
"mesh_dir_509850f403_v00","monitor_0230","monitor","source_mesh_oracle",,,"source-mesh-oracle","none","0.07479129693434053","0.0923804230839487","0.21783072414218055",,,,,,,"True","True","False","True","True","False","1","True","0","0.0","True","14697515.333333334","4","18.300366888217276","0.0",,,,,,,,,,,,,,,,,,"0.6436035203","1.022455985","0.2217507338"
"mesh_dir_c3a9748da7_v00","bed_0198","bed","source_mesh_oracle",,,"source-mesh-oracle","none","0.1511808800316125","0.17457570910259426","0.43032282091702934",,,,,,,"True","True","True","True","True","True","1","True","0","0.0","True","23.99968805391774","12","6.391902710552033","1.0",,,,,,,,,,,,,,,,,,"0.3060304122","0.3819957944","0.4503414193"
"mesh_dir_001bfe840e_v00","bathtub_0050","bathtub","source_mesh_oracle",,,"source-mesh-oracle","none","0.05704407966811191","0.07002114125541313","0.20134888754843389",,,,,,,"True","True","True","True","True","True","1","True","0","0.0","True","3.257508998183943","112","6.544451021990755","0.6108136160396247",,,,,,,,,,,,,,,,,,"0.3056825914","0.4059266417","0.3996972976"
"mesh_dir_3ea1828365_v00","chair_0276","chair","source_mesh_oracle",,,"source-mesh-oracle","none","0.16022768385925026","0.2075882629551114","0.5622107144965618",,,,,,,"True","True","True","True","True","True","1","True","0","0.0","True","5.308929753277167","710","8.277134455243585","0.67371790922561",,,,,,,,,,,,,,,,,,"0.4794141461","0.4739844417","0.3215878406"
"mesh_dir_8a68107048_v00","sofa_0456","sofa","source_mesh_oracle",,,"source-mesh-oracle","none","0.0717273781364586","0.10057003703789374","0.236119215174766",,,,,,,"True","True","True","True","True","True","1","True","0","0.0","True","2.9536963967873904","76","5.790152174956696","0.7645854119917962",,,,,,,,,,,,,,,,,,"0.2384890942","0.2868172206","0.4889635742"
"mesh_dir_e49bbc93b7_v00","table_0247","table","triposg_biharmonic_prefill_repaired_stl_inferred_bbox_direct_mesh","ok","ok","single-image-mesh","inferred","0.30518262638621774","0.32354728300353935","0.5204442967889019",,,,,,,"True","True","True","True","True","True","1","True","0","0.0","True","1.9393555780629463","10802","9.949890056809911","0.06230169289772663","True","nan","10802","12.703676092901206","0.06230169436648949","-1.4687628613341275e-09","-2.3575006687524986e-08","0.07925293000016609","triposg","False","48.98834745499971","48.99130134500001","49.53140296499987","","","","unsupported","0.2876349843","0.3150224542","0.4797199855"
"mesh_dir_4af07fffff_v00","night_stand_0103","night_stand","triposg_biharmonic_prefill_repaired_stl_inferred_bbox_direct_mesh","ok","ok","single-image-mesh","inferred","0.2025867337299032","0.24600780234112862","0.44752864305935613",,,,,,,"True","True","True","True","True","True","1","True","0","0.0","True","1.9714422190757692","10626","9.949872207687207","0.41011274167341905","True","nan","10626","12.433488733328117","0.4101127425762167","-9.027976699549356e-10","-2.2013402077775155e-09","0.06035263100011434","triposg","False","21.14583711899968","21.148535149000054","21.747590659999787","","","","unsupported","0.2613752938","0.203805533","0.482601393"
"mesh_dir_014d7f1847_v00","toilet_0356","toilet","triposg_biharmonic_prefill_repaired_stl_inferred_bbox_direct_mesh","ok","ok","single-image-mesh","inferred","0.19615317017410822","0.24384295943616605","0.47416780491366367",,,,,,,"True","True","True","True","True","True","1","True","0","0.0","True","1.9692961715897068","10636","9.949723699933314","0.4663042802668977","True","nan","10638","12.751461804192234","0.46630427796436424","2.3025334416892917e-09","4.9378346939919245e-09","0.0671258500001386","triposg","False","19.69178125899998","19.69463382899994","20.24692757899993","","","","unsupported","0.2681124377","0.2729794796","0.5024511325"
"mesh_dir_4f704c790f_v00","dresser_0155","dresser","triposg_biharmonic_prefill_repaired_stl_inferred_bbox_direct_mesh","ok","ok","single-image-mesh","inferred","0.19513358637563705","0.22790905249051505","0.4083034467361193",,,,,,,"True","True","True","True","True","True","1","True","0","0.0","True","1.9201163063870825","10908","9.949685248212152","0.7493660249042952","True","nan","10910","9.65551565104512","0.7493660261671794","-1.2628842416262387e-09","-1.6852702117889932e-09","0.06697174000009909","triposg","False","36.71604501599995","36.71882163600003","37.268679365000025","","","","unsupported","0.5125431493","0.547206714","0.2990706779"
"mesh_dir_abf713d7a4_v00","desk_0178","desk","triposg_biharmonic_prefill_repaired_stl_inferred_bbox_direct_mesh","ok","ok","single-image-mesh","inferred","0.16136351048037445","0.24436234433979534","0.7458122814892966",,,,,,,"True","True","True","True","True","True","1","True","0","0.0","True","1.9024209886238286","198","5.934045570420855","0.7451556784314345","True","nan","11012","12.23381214910653","0.345993118049563","0.3991625603818715","1.1536719650148997","0.35915535999993153","triposg","False","20.74491092900007","20.747837568999785","21.546686248999777","","","","unsupported","0.2893792963","0.3957943615","0.4197324104"
"mesh_dir_509850f403_v00","monitor_0230","monitor","triposg_biharmonic_prefill_repaired_stl_inferred_bbox_direct_mesh","ok","ok","single-image-mesh","inferred","0.24747764484307802","0.31606701927993436","0.6565340532478362",,,,,,,"True","True","True","True","True","True","1","True","0","0.0","True","1.9493062708369813","10748","9.949996249420767","0.5209268618488933","True","nan","10748","15.20407098214621","0.5209268617387748","1.1011846989816831e-10","2.1138950203222307e-10","0.06378894999988916","triposg","False","18.743356137999854","18.74610888799998","19.29113740799994","","","","unsupported","0.6436035203","1.022455985","0.2217507338"
"mesh_dir_c3a9748da7_v00","bed_0198","bed","triposg_biharmonic_prefill_repaired_stl_inferred_bbox_direct_mesh","ok","ok","single-image-mesh","inferred","0.18125710865399672","0.20334247955385928","0.3233916278803224",,,,,,,"True","True","True","True","True","True","1","True","0","0.0","True","1.9152096625507022","10938","9.949873079738246","0.25660792194362286","True","nan","10938","14.721119667801656","0.2566079213760925","5.675303560437328e-10","2.211663431901398e-09","0.06546569000011004","triposg","False","18.24022145800018","18.243125068000154","18.79293812800006","","","","unsupported","0.3060304122","0.3819957944","0.4503414193"
"mesh_dir_001bfe840e_v00","bathtub_0050","bathtub","triposg_biharmonic_prefill_repaired_stl_inferred_bbox_direct_mesh","ok","ok","single-image-mesh","inferred","0.22330669147948673","0.25196045241070086","0.4923394527895907",,,,,,,"True","True","True","True","True","True","1","True","0","0.0","True","1.9419409584347243","220","6.0596534541652805","0.9456689502081289","True","nan","10788","10.657226472774529","0.28748654555080816","0.6581824046573208","2.289437244432709","0.3774651779999658","triposg","False","84.12651721200018","84.12931742199999","84.97745535900003","","","","unsupported","0.3056825914","0.4059266417","0.3996972976"
"mesh_dir_3ea1828365_v00","chair_0276","chair","triposg_biharmonic_prefill_repaired_stl_inferred_bbox_direct_mesh","ok","ok","single-image-mesh","inferred","0.18808427628049573","0.21298383838922166","0.3850461799772141",,,,,,,"True","True","True","True","True","True","1","True","0","0.0","True","1.960669120788737","10672","9.948712361567065","0.5183376237415092","True","nan","10684","12.325295517583426","0.5183345623251973","3.061416311900267e-06","5.9062554080265415e-06","0.07826583000041865","triposg","False","21.647612239999944","21.650506290000067","22.253955827000027","","","","unsupported","0.4794141461","0.4739844417","0.3215878406"
"mesh_dir_8a68107048_v00","sofa_0456","sofa","triposg_biharmonic_prefill_repaired_stl_inferred_bbox_direct_mesh","ok","ok","single-image-mesh","inferred","0.10582867336226487","0.1405407950500193","0.3383048342673005",,,,,,,"True","True","True","True","True","True","1","True","0","0.0","True","1.9484854329203911","10752","9.949947163778441","0.19650604697002916","True","nan","10752","12.999423795199082","0.19650604841097047","-1.4409413107152602e-09","-7.3328089510084305e-09","0.06133117899980789","triposg","False","16.639134658999865","16.64198297899975","17.191608515000098","","","","unsupported","0.2384890942","0.2868172206","0.4889635742"
